taxonUUID,taiCOLNameCode,taxonRank,kingdom,simplifiedScientificName,endemism,nativeness,protectedStatusTW,categoryRedlistTW,categoryIUCN,sensitiveCategory,reason,number_of_occurrence,TT_URL
c1681d98-1571-4cfb-a7d5-549353bf8fd2,"",family,Animalia,Cybaeidae,"",原生 Native,"","","","",taiCOLNameCode空白,,https://taxatree.tbn.org.tw/taxa/c1681d98-1571-4cfb-a7d5-549353bf8fd2
f6aea42e-f8a5-482b-89aa-57bab7b3b3c7,"",family,Animalia,Phonognathidae,"",原生 Native,"","","","",taiCOLNameCode空白,,https://taxatree.tbn.org.tw/taxa/f6aea42e-f8a5-482b-89aa-57bab7b3b3c7
2fd599e9-f181-4634-b8b5-af5bed833d09,"",family,Animalia,Prodidomidae,"",原生 Native,"","","","",taiCOLNameCode空白,,https://taxatree.tbn.org.tw/taxa/2fd599e9-f181-4634-b8b5-af5bed833d09
aab869af-3661-47da-bf86-86f2a9220067,"",family,Animalia,Urocteidae,"",原生 Native,"","","","",taiCOLNameCode空白,,https://taxatree.tbn.org.tw/taxa/aab869af-3661-47da-bf86-86f2a9220067
63cfcc4c-d600-49e1-9e54-6c9b185b0fd0,"",genus,Animalia,Lasibelba,"","","","","","",taiCOLNameCode空白,,https://taxatree.tbn.org.tw/taxa/63cfcc4c-d600-49e1-9e54-6c9b185b0fd0
ff2ea52c-1d12-413f-8472-d3e347364221,"",genus,Animalia,Takachihoa,"","","","","","",taiCOLNameCode空白,,https://taxatree.tbn.org.tw/taxa/ff2ea52c-1d12-413f-8472-d3e347364221
72bb4713-6919-47ab-99a3-ab280038b6c2,"",genus,Animalia,Pseudotriaeris,"","","","","","",taiCOLNameCode空白,,https://taxatree.tbn.org.tw/taxa/72bb4713-6919-47ab-99a3-ab280038b6c2
2fa10be7-79c4-4c25-8ad6-e6b3c2f5fdea,"",genus,Animalia,Itatsina,"","","","","","",taiCOLNameCode空白,,https://taxatree.tbn.org.tw/taxa/2fa10be7-79c4-4c25-8ad6-e6b3c2f5fdea
02531bda-5ccf-4287-9b3d-51f0980929bf,"",genus,Animalia,Pakawops,"","","","","","",taiCOLNameCode空白,,https://taxatree.tbn.org.tw/taxa/02531bda-5ccf-4287-9b3d-51f0980929bf
f2f9c643-a583-4918-b0ff-5a2bc348b314,"",genus,Animalia,Perisesarma,"","","","","","",taiCOLNameCode空白,,https://taxatree.tbn.org.tw/taxa/f2f9c643-a583-4918-b0ff-5a2bc348b314
f194eecd-8d8f-40f6-b764-38e579e67ca2,"",genus,Animalia,Asthenognathus,"","","","","","",taiCOLNameCode空白,,https://taxatree.tbn.org.tw/taxa/f194eecd-8d8f-40f6-b764-38e579e67ca2
5dd79a54-e0c3-427b-bb1a-bd985e84999a,"",genus,Animalia,Ranilia,"","","","","","",taiCOLNameCode空白,,https://taxatree.tbn.org.tw/taxa/5dd79a54-e0c3-427b-bb1a-bd985e84999a
b9d93dc6-8922-4cb2-96ef-2848a43f54e8,"",genus,Animalia,Lystmata,"","","","","","",taiCOLNameCode空白,,https://taxatree.tbn.org.tw/taxa/b9d93dc6-8922-4cb2-96ef-2848a43f54e8
09aa4769-8bcf-4120-a196-08f04e69084d,"",genus,Animalia,Paracylopina,"","","","","","",taiCOLNameCode空白,,https://taxatree.tbn.org.tw/taxa/09aa4769-8bcf-4120-a196-08f04e69084d
4eeb1d83-39f4-4f27-a614-a618924a575a,"",genus,Animalia,Melophus,"","","","","","",taiCOLNameCode空白,,https://taxatree.tbn.org.tw/taxa/4eeb1d83-39f4-4f27-a614-a618924a575a
f7babfd0-fa79-4d92-941f-ad1d598ac828,"",genus,Animalia,Scolymia,"","","","","","",taiCOLNameCode空白,,https://taxatree.tbn.org.tw/taxa/f7babfd0-fa79-4d92-941f-ad1d598ac828
aa4db525-a5f4-4988-8515-1aaa73abd4d6,"",genus,Animalia,Symphyllia,"","","","","","",taiCOLNameCode空白,,https://taxatree.tbn.org.tw/taxa/aa4db525-a5f4-4988-8515-1aaa73abd4d6
2d36e5e6-c69c-4ab1-90e7-108e64745f4e,"",genus,Animalia,Atrachya,"","","","","","",taiCOLNameCode空白,,https://taxatree.tbn.org.tw/taxa/2d36e5e6-c69c-4ab1-90e7-108e64745f4e
21e9a521-3876-4ebc-9702-e08806e2d743,"",genus,Animalia,Rondonia,"","","","","","",taiCOLNameCode空白,,https://taxatree.tbn.org.tw/taxa/21e9a521-3876-4ebc-9702-e08806e2d743
5ea6c0f7-476b-45ce-9983-bfc6db2460c8,"",genus,Animalia,Ovalisia,"","","","","","",taiCOLNameCode空白,,https://taxatree.tbn.org.tw/taxa/5ea6c0f7-476b-45ce-9983-bfc6db2460c8
d9ca8e3f-4601-42d9-884f-cb0a54343e64,"",genus,Animalia,Paraxonotha,"","","","","","",taiCOLNameCode空白,,https://taxatree.tbn.org.tw/taxa/d9ca8e3f-4601-42d9-884f-cb0a54343e64
d0d240cb-b1d8-4fed-9eec-b34ba74525b0,"",genus,Animalia,Genusa,"","","","","","",taiCOLNameCode空白,,https://taxatree.tbn.org.tw/taxa/d0d240cb-b1d8-4fed-9eec-b34ba74525b0
df0e519b-6937-420b-8ed3-a014ec2f3cdf,"",genus,Animalia,Gargudinia,"","","","","","",taiCOLNameCode空白,,https://taxatree.tbn.org.tw/taxa/df0e519b-6937-420b-8ed3-a014ec2f3cdf
d75a7d6c-2b3f-4948-83ed-46491ee54acb,"",genus,Animalia,Dactylorhychides,"","","","","","",taiCOLNameCode空白,,https://taxatree.tbn.org.tw/taxa/d75a7d6c-2b3f-4948-83ed-46491ee54acb
5de8bd5a-3f3f-4a19-9f48-6a5bf5127ac4,"",genus,Animalia,Cicurina,"",原生 Native,"","","","",taiCOLNameCode空白,,https://taxatree.tbn.org.tw/taxa/5de8bd5a-3f3f-4a19-9f48-6a5bf5127ac4
c94faa63-e076-4cfa-8eee-a6395e31a359,"",genus,Animalia,Lepthyphantes,"",原生 Native,"","","","",taiCOLNameCode空白,,https://taxatree.tbn.org.tw/taxa/c94faa63-e076-4cfa-8eee-a6395e31a359
03cb1ec3-8b54-4876-b755-05406c0e2ab8,"",species,Animalia,Carrhotus viduus,"",原生 Native,"","","","",taiCOLNameCode空白,,https://taxatree.tbn.org.tw/taxa/03cb1ec3-8b54-4876-b755-05406c0e2ab8
f46df285-149a-4f13-93d5-a70ada0dcc7f,"",genus,Animalia,Parazygiella,"",原生 Native,"","","","",taiCOLNameCode空白,,https://taxatree.tbn.org.tw/taxa/f46df285-149a-4f13-93d5-a70ada0dcc7f
b171dc05-c8fd-4e82-b141-7f117bc01272,"",genus,Animalia,Pharta,"",原生 Native,"","","","",taiCOLNameCode空白,,https://taxatree.tbn.org.tw/taxa/b171dc05-c8fd-4e82-b141-7f117bc01272
705455ce-00b6-44c2-9039-97d22a0521e8,"",genus,Animalia,Borboropactus,"",原生 Native,"","","","",taiCOLNameCode空白,,https://taxatree.tbn.org.tw/taxa/705455ce-00b6-44c2-9039-97d22a0521e8
6b0ee843-5e1f-4c91-91d1-269bdb508f67,"",genus,Animalia,Epidius,"",原生 Native,"","","","",taiCOLNameCode空白,,https://taxatree.tbn.org.tw/taxa/6b0ee843-5e1f-4c91-91d1-269bdb508f67
b8e781e8-5c7a-4d5b-8ae1-334aa265135c,"",genus,Animalia,Strigoplus,"",原生 Native,"","","","",taiCOLNameCode空白,,https://taxatree.tbn.org.tw/taxa/b8e781e8-5c7a-4d5b-8ae1-334aa265135c
ee4f511e-e133-4be6-b226-c3e6aa97f3ec,"",genus,Animalia,Phaeacius,"",原生 Native,"","","","",taiCOLNameCode空白,,https://taxatree.tbn.org.tw/taxa/ee4f511e-e133-4be6-b226-c3e6aa97f3ec
64e5a6a3-8851-4e01-872a-228d109ef76b,"",genus,Animalia,Pseudicius,"",原生 Native,"","","","",taiCOLNameCode空白,,https://taxatree.tbn.org.tw/taxa/64e5a6a3-8851-4e01-872a-228d109ef76b
9b46e617-4d01-4ffd-9fe1-6a15711d772b,"",genus,Animalia,Simaetha,"",原生 Native,"","","","",taiCOLNameCode空白,,https://taxatree.tbn.org.tw/taxa/9b46e617-4d01-4ffd-9fe1-6a15711d772b
6293efc7-f08e-45b4-818c-225d7ef8d470,"",genus,Animalia,Trachelas,"",原生 Native,"","","","",taiCOLNameCode空白,,https://taxatree.tbn.org.tw/taxa/6293efc7-f08e-45b4-818c-225d7ef8d470
fa561dd6-3909-42f3-9bc2-e4444c64c707,"",species,Animalia,Amphiesma sp.,台灣特有,原生 Native,"","","","",taiCOLNameCode空白,,https://taxatree.tbn.org.tw/taxa/fa561dd6-3909-42f3-9bc2-e4444c64c707
42884ff7-e18d-4b25-bc59-81ae00b264ca,"",species,Animalia,Lema (Quasilema) trivittata,"",原生 Native,"","","","",taiCOLNameCode空白,,https://taxatree.tbn.org.tw/taxa/42884ff7-e18d-4b25-bc59-81ae00b264ca
534293e3-4d9b-42fb-93e5-8a09a36c62d6,"",species,Animalia,Podocnemis unifilis,"",外來 Non-native,"","","","",taiCOLNameCode空白,,https://taxatree.tbn.org.tw/taxa/534293e3-4d9b-42fb-93e5-8a09a36c62d6
719a16e9-f32e-4b87-a097-1419d5ad8483,"",genus,Animalia,Centrochelys,"",外來 Non-native,"","","","",taiCOLNameCode空白,,https://taxatree.tbn.org.tw/taxa/719a16e9-f32e-4b87-a097-1419d5ad8483
060c8136-2fe0-4478-8f68-c2d1a85b413d,"",species,Animalia,Centrochelys sulcata,"",外來 Non-native,"","","瀕危（EN, Endangered）","",taiCOLNameCode空白,,https://taxatree.tbn.org.tw/taxa/060c8136-2fe0-4478-8f68-c2d1a85b413d
acddc1c1-a831-4a77-9a00-afc0563f0eeb,"",family,Animalia,Erinaceidae,"",外來 Non-native,"","","","",taiCOLNameCode空白,,https://taxatree.tbn.org.tw/taxa/acddc1c1-a831-4a77-9a00-afc0563f0eeb
d54c2752-1c95-4d66-bbe1-2651d60b4076,"",genus,Animalia,Atelerix,"",外來 Non-native,"","","","",taiCOLNameCode空白,,https://taxatree.tbn.org.tw/taxa/d54c2752-1c95-4d66-bbe1-2651d60b4076
f74027db-c09c-4b80-9e77-899963012aea,"",genus,Animalia,Tropidoclonion,"",外來 Non-native,"","","","",taiCOLNameCode空白,,https://taxatree.tbn.org.tw/taxa/f74027db-c09c-4b80-9e77-899963012aea
2d8e7d95-6403-4490-9ddc-4444557f3b28,"",species,Animalia,Tropidoclonion lineatum,"",外來 Non-native,"","","暫無危機（LC, Least Concern）","",taiCOLNameCode空白,,https://taxatree.tbn.org.tw/taxa/2d8e7d95-6403-4490-9ddc-4444557f3b28
e891dcd1-c1f7-4ae2-b08f-9d349583f8ae,"",genus,Animalia,Alle,"",原生 Native,"","","","",taiCOLNameCode空白,,https://taxatree.tbn.org.tw/taxa/e891dcd1-c1f7-4ae2-b08f-9d349583f8ae
1693137d-a211-4743-b37f-8bc43ebbe2e1,"",species,Animalia,Alle alle,"",原生 Native,"","","暫無危機（LC, Least Concern）","",taiCOLNameCode空白,,https://taxatree.tbn.org.tw/taxa/1693137d-a211-4743-b37f-8bc43ebbe2e1
ade52c8a-ed3a-4ea2-9829-ae725d377255,"",species,Animalia,Pyrrhura molinae,"",外來 Non-native,"","","暫無危機（LC, Least Concern）","",taiCOLNameCode空白,,https://taxatree.tbn.org.tw/taxa/ade52c8a-ed3a-4ea2-9829-ae725d377255
1ad38a59-ff03-42f5-a001-26d8cfdf335f,"",suborder,Animalia,Lacertilia,"",原生 Native,"","","","",taiCOLNameCode空白,,https://taxatree.tbn.org.tw/taxa/1ad38a59-ff03-42f5-a001-26d8cfdf335f
291cedc4-013d-4937-806f-1e1a40fd6fca,"",suborder,Animalia,Yangochiroptera,"",原生 Native,"","","","",taiCOLNameCode空白,,https://taxatree.tbn.org.tw/taxa/291cedc4-013d-4937-806f-1e1a40fd6fca
8d778e7d-8fba-4004-a930-16410467724c,"",suborder,Animalia,Yinpterochiroptera,"",原生 Native,"","","","",taiCOLNameCode空白,,https://taxatree.tbn.org.tw/taxa/8d778e7d-8fba-4004-a930-16410467724c
1733bbe3-48a8-433e-9bb0-688d14e943a8,"",species,Animalia,Mustela putorius,"",外來 Non-native,"","","暫無危機（LC, Least Concern）","",taiCOLNameCode空白,,https://taxatree.tbn.org.tw/taxa/1733bbe3-48a8-433e-9bb0-688d14e943a8
ad4a8f2c-9cbf-4170-9a6d-66c8dacd57d4,"",infraspecies,Animalia,Mustela putorius furo,"",外來 Non-native,"","","暫無危機（LC, Least Concern）","",taiCOLNameCode空白,,https://taxatree.tbn.org.tw/taxa/ad4a8f2c-9cbf-4170-9a6d-66c8dacd57d4
7acefabd-e6c5-4382-93f2-ef3bb0adfa04,"",genus,Animalia,Cybaeus,"",原生 Native,"","","","",taiCOLNameCode空白,,https://taxatree.tbn.org.tw/taxa/7acefabd-e6c5-4382-93f2-ef3bb0adfa04
102f66f6-7bdd-4057-ae8c-a097c134390d,"",family,Animalia,Procyonidae,"",外來 Non-native,"","","","",taiCOLNameCode空白,,https://taxatree.tbn.org.tw/taxa/102f66f6-7bdd-4057-ae8c-a097c134390d
cbd2d7e7-d44c-4ba1-805f-eb0f16441b4d,"",genus,Animalia,Procyon,"",外來 Non-native,"","","","",taiCOLNameCode空白,,https://taxatree.tbn.org.tw/taxa/cbd2d7e7-d44c-4ba1-805f-eb0f16441b4d
b8bf8509-0dc8-4042-a722-b0f0e44d9697,"",species,Animalia,Procyon lotor,"",外來 Non-native,"","","暫無危機（LC, Least Concern）","",taiCOLNameCode空白,,https://taxatree.tbn.org.tw/taxa/b8bf8509-0dc8-4042-a722-b0f0e44d9697
e17e96ea-56c7-4826-a9c6-22dcc2fa33bf,"",order,Animalia,Gastropoda ordo incertae sedis,"",原生 Native,"","","","",taiCOLNameCode空白,,https://taxatree.tbn.org.tw/taxa/e17e96ea-56c7-4826-a9c6-22dcc2fa33bf
83a6d38e-97c9-44a5-908f-a33347324730,"",family,Animalia,Petauridae,"",外來 Non-native,"","","","",taiCOLNameCode空白,,https://taxatree.tbn.org.tw/taxa/83a6d38e-97c9-44a5-908f-a33347324730
383f3c0c-6b40-4326-a8f2-47df1d3779db,"",genus,Animalia,Petaurus,"",外來 Non-native,"","","","",taiCOLNameCode空白,,https://taxatree.tbn.org.tw/taxa/383f3c0c-6b40-4326-a8f2-47df1d3779db
c10373f4-265a-48dd-9c00-9c9fdd23a51d,"",species,Animalia,Petaurus breviceps,"",外來 Non-native,"","","","",taiCOLNameCode空白,,https://taxatree.tbn.org.tw/taxa/c10373f4-265a-48dd-9c00-9c9fdd23a51d
d881e02a-3576-4ee0-91aa-f45c60c0cbca,"",species,Animalia,Caridina gracilirostris,"",原生 Native,"","","","",taiCOLNameCode空白,,https://taxatree.tbn.org.tw/taxa/d881e02a-3576-4ee0-91aa-f45c60c0cbca
8f38b975-ce34-4f12-9026-07d1d90e5b7a,"",genus,Animalia,Euplectes,"",外來 Non-native,"","","","",taiCOLNameCode空白,,https://taxatree.tbn.org.tw/taxa/8f38b975-ce34-4f12-9026-07d1d90e5b7a
d9458b74-f1be-4d0e-8077-c977030e3ea5,"",species,Animalia,Euplectes orix,"",外來 Non-native,"","","","",taiCOLNameCode空白,,https://taxatree.tbn.org.tw/taxa/d9458b74-f1be-4d0e-8077-c977030e3ea5
a52434ab-692e-448e-836a-14e8be55520f,"",species,Animalia,Machlolophus spilonotus,"",外來 Non-native,"","","","",taiCOLNameCode空白,,https://taxatree.tbn.org.tw/taxa/a52434ab-692e-448e-836a-14e8be55520f
7b8af3a7-4be8-4169-836a-152ee2d5183b,"",species,Animalia,Amandava subflava,"",外來 Non-native,"","","","",taiCOLNameCode空白,,https://taxatree.tbn.org.tw/taxa/7b8af3a7-4be8-4169-836a-152ee2d5183b
3e7a03fb-17d5-40b3-8606-176bf4e1fb2e,"",species,Animalia,Agapornis personatus,"",外來 Non-native,"","","暫無危機（LC, Least Concern）","",taiCOLNameCode空白,,https://taxatree.tbn.org.tw/taxa/3e7a03fb-17d5-40b3-8606-176bf4e1fb2e
aafb6332-190b-4cc6-ab49-27acef3386b4,"",species,Animalia,Ara chloropterus,"",外來 Non-native,"","","暫無危機（LC, Least Concern）","",taiCOLNameCode空白,,https://taxatree.tbn.org.tw/taxa/aafb6332-190b-4cc6-ab49-27acef3386b4
d70ff556-a979-4ab5-ac6b-3d7e63c80500,"",genus,Animalia,Callonetta,"",外來 Non-native,"","","","",taiCOLNameCode空白,,https://taxatree.tbn.org.tw/taxa/d70ff556-a979-4ab5-ac6b-3d7e63c80500
606ec845-ddff-4d26-9328-f98262379fe3,"",species,Animalia,Callonetta leucophrys,"",外來 Non-native,"","","暫無危機（LC, Least Concern）","",taiCOLNameCode空白,,https://taxatree.tbn.org.tw/taxa/606ec845-ddff-4d26-9328-f98262379fe3
9f436600-6456-4262-84b7-90ce760b00f7,"",family,Animalia,Chloropseidae,"",外來 Non-native,"","","","",taiCOLNameCode空白,,https://taxatree.tbn.org.tw/taxa/9f436600-6456-4262-84b7-90ce760b00f7
9c0f14d5-ff72-4e4c-9c82-809667299ee6,"",species,Animalia,Crithagra citrinipectus,"",外來 Non-native,"","","暫無危機（LC, Least Concern）","",taiCOLNameCode空白,,https://taxatree.tbn.org.tw/taxa/9c0f14d5-ff72-4e4c-9c82-809667299ee6
becfc705-8db1-42dc-b6cb-e6d2633ad6cd,"",genus,Animalia,Dacelo,"",外來 Non-native,"","","","",taiCOLNameCode空白,,https://taxatree.tbn.org.tw/taxa/becfc705-8db1-42dc-b6cb-e6d2633ad6cd
7099f442-8a53-4a2d-8931-ffbe3c84fd04,"",species,Animalia,Dacelo novaeguineae,"",外來 Non-native,"","","暫無危機（LC, Least Concern）","",taiCOLNameCode空白,,https://taxatree.tbn.org.tw/taxa/7099f442-8a53-4a2d-8931-ffbe3c84fd04
7bfc652d-5ba2-460e-af0f-814beeba48df,"",species,Animalia,Chloropsis cochinchinensis,"",外來 Non-native,"","","","",taiCOLNameCode空白,,https://taxatree.tbn.org.tw/taxa/7bfc652d-5ba2-460e-af0f-814beeba48df
88109162-83db-4b4b-af8e-22792fbb4871,"",genus,Animalia,Diopsittaca,"",外來 Non-native,"","","","",taiCOLNameCode空白,,https://taxatree.tbn.org.tw/taxa/88109162-83db-4b4b-af8e-22792fbb4871
ad201582-e7a7-4fd9-a0ed-c221a73c4b3d,"",species,Animalia,Diopsittaca nobilis,"",外來 Non-native,"","","","",taiCOLNameCode空白,,https://taxatree.tbn.org.tw/taxa/ad201582-e7a7-4fd9-a0ed-c221a73c4b3d
fb3b13dd-8624-4db7-9ca1-2c9cb4f83355,"",genus,Animalia,Eclectus,"",外來 Non-native,"","","","",taiCOLNameCode空白,,https://taxatree.tbn.org.tw/taxa/fb3b13dd-8624-4db7-9ca1-2c9cb4f83355
a5935862-582d-4613-bb75-ced685072303,"",species,Animalia,Eclectus roratus,"",外來 Non-native,"","","","",taiCOLNameCode空白,,https://taxatree.tbn.org.tw/taxa/a5935862-582d-4613-bb75-ced685072303
e74e163c-ed0b-4267-ba67-6504901c45fa,"",species,Animalia,Geokichla dohertyi,"",外來 Non-native,"","","接近受脅（NT, Near Threatened）","",taiCOLNameCode空白,,https://taxatree.tbn.org.tw/taxa/e74e163c-ed0b-4267-ba67-6504901c45fa
3c68165d-64e0-4bbc-abcb-a4efc5896034,"",species,Animalia,Geopelia cuneata,"",外來 Non-native,"","","暫無危機（LC, Least Concern）","",taiCOLNameCode空白,,https://taxatree.tbn.org.tw/taxa/3c68165d-64e0-4bbc-abcb-a4efc5896034
3f3457bf-296d-4ce0-82cd-2dc112fa3b02,"",species,Animalia,Lamprotornis caudatus,"",外來 Non-native,"","","暫無危機（LC, Least Concern）","",taiCOLNameCode空白,,https://taxatree.tbn.org.tw/taxa/3f3457bf-296d-4ce0-82cd-2dc112fa3b02
4807b51d-dcc1-46bb-b2ea-d8b9a66ae287,"",genus,Animalia,Leistes,"",外來 Non-native,"","","","",taiCOLNameCode空白,,https://taxatree.tbn.org.tw/taxa/4807b51d-dcc1-46bb-b2ea-d8b9a66ae287
74b389a9-5768-485c-bf90-09a5ed774ad0,"",species,Animalia,Leistes superciliaris,"",外來 Non-native,"","","暫無危機（LC, Least Concern）","",taiCOLNameCode空白,,https://taxatree.tbn.org.tw/taxa/74b389a9-5768-485c-bf90-09a5ed774ad0
e8994324-2f7b-49c1-9c8e-43dd476d9033,"",genus,Animalia,Meleagris,"",外來 Non-native,"","","","",taiCOLNameCode空白,,https://taxatree.tbn.org.tw/taxa/e8994324-2f7b-49c1-9c8e-43dd476d9033
404f67b3-05ea-4bc3-91ef-0991c7689583,"",species,Animalia,Meleagris gallopavo,"",外來 Non-native,"","","暫無危機（LC, Least Concern）","",taiCOLNameCode空白,,https://taxatree.tbn.org.tw/taxa/404f67b3-05ea-4bc3-91ef-0991c7689583
49de3093-d632-4700-9366-83bc033be1fa,"",genus,Animalia,Myiopsitta,"",外來 Non-native,"","","","",taiCOLNameCode空白,,https://taxatree.tbn.org.tw/taxa/49de3093-d632-4700-9366-83bc033be1fa
959dcb70-5972-4529-866b-cc978cad8045,"",species,Animalia,Myiopsitta monachus,"",外來 Non-native,"","","","",taiCOLNameCode空白,,https://taxatree.tbn.org.tw/taxa/959dcb70-5972-4529-866b-cc978cad8045
b63e2041-4bd7-4b71-a668-0a4069c044f6,"",family,Animalia,Numididae,"",外來 Non-native,"","","","",taiCOLNameCode空白,,https://taxatree.tbn.org.tw/taxa/b63e2041-4bd7-4b71-a668-0a4069c044f6
ea44b831-25fd-4155-8602-fe98cc506c81,"",genus,Animalia,Numida,"",外來 Non-native,"","","","",taiCOLNameCode空白,,https://taxatree.tbn.org.tw/taxa/ea44b831-25fd-4155-8602-fe98cc506c81
e709d5b2-c640-4667-9fb8-60666b1ee392,"",species,Animalia,Numida meleagris,"",外來 Non-native,"","","暫無危機（LC, Least Concern）","",taiCOLNameCode空白,,https://taxatree.tbn.org.tw/taxa/e709d5b2-c640-4667-9fb8-60666b1ee392
c2cecd50-1308-44b9-b2c3-1642ff6457f4,"",genus,Animalia,Parabuteo,"",外來 Non-native,"","","","",taiCOLNameCode空白,,https://taxatree.tbn.org.tw/taxa/c2cecd50-1308-44b9-b2c3-1642ff6457f4
9183b1fe-1421-422a-9fb0-c39fdd68d1b9,"",species,Animalia,Parabuteo unicinctus,"",外來 Non-native,"","","暫無危機（LC, Least Concern）","",taiCOLNameCode空白,,https://taxatree.tbn.org.tw/taxa/9183b1fe-1421-422a-9fb0-c39fdd68d1b9
af33d0b9-46a7-4906-ab03-92dfe27e3619,"",species,Animalia,Paroaria gularis,"",外來 Non-native,"","","暫無危機（LC, Least Concern）","",taiCOLNameCode空白,,https://taxatree.tbn.org.tw/taxa/af33d0b9-46a7-4906-ab03-92dfe27e3619
d23a3d9c-afd8-4445-84d0-b4c9f1ab11b5,"",species,Animalia,Ploceus jacksoni,"",外來 Non-native,"","","暫無危機（LC, Least Concern）","",taiCOLNameCode空白,,https://taxatree.tbn.org.tw/taxa/d23a3d9c-afd8-4445-84d0-b4c9f1ab11b5
f6548d21-5627-4147-8e4c-84df9cdf06da,"",species,Animalia,Poicephalus senegalus,"",外來 Non-native,"","","暫無危機（LC, Least Concern）","",taiCOLNameCode空白,,https://taxatree.tbn.org.tw/taxa/f6548d21-5627-4147-8e4c-84df9cdf06da
c8e63a90-eac2-4f16-844c-dfa66e8abeea,"",species,Animalia,Primolius auricollis,"",外來 Non-native,"","","暫無危機（LC, Least Concern）","",taiCOLNameCode空白,,https://taxatree.tbn.org.tw/taxa/c8e63a90-eac2-4f16-844c-dfa66e8abeea
6cab629c-9118-4a46-91a5-70cebb210609,"",genus,Animalia,Psittacara,"",外來 Non-native,"","","","",taiCOLNameCode空白,,https://taxatree.tbn.org.tw/taxa/6cab629c-9118-4a46-91a5-70cebb210609
2a2a5e09-0cc1-4ea0-8876-d3a1add0bbbd,"",species,Animalia,Psittacara erythrogenys,"",外來 Non-native,"","","接近受脅（NT, Near Threatened）","",taiCOLNameCode空白,,https://taxatree.tbn.org.tw/taxa/2a2a5e09-0cc1-4ea0-8876-d3a1add0bbbd
6b954751-7b3e-43e8-a855-d3d098f01ffc,"",species,Animalia,Psittacula eupatria,"",外來 Non-native,"","","","",taiCOLNameCode空白,,https://taxatree.tbn.org.tw/taxa/6b954751-7b3e-43e8-a855-d3d098f01ffc
ffbfd34a-640d-485a-83d5-6da6cc031dad,"",genus,Animalia,Pyrrhocorax,"",外來 Non-native,"","","","",taiCOLNameCode空白,,https://taxatree.tbn.org.tw/taxa/ffbfd34a-640d-485a-83d5-6da6cc031dad
c9ee301c-8be3-4dde-8542-8aa54aae1742,"",species,Animalia,Pyrrhocorax pyrrhocorax,"",外來 Non-native,"","","暫無危機（LC, Least Concern）","",taiCOLNameCode空白,,https://taxatree.tbn.org.tw/taxa/c9ee301c-8be3-4dde-8542-8aa54aae1742
87622eaf-9bfd-4ac1-a045-2f2d9561d411,"",genus,Animalia,Sicalis,"",外來 Non-native,"","","","",taiCOLNameCode空白,,https://taxatree.tbn.org.tw/taxa/87622eaf-9bfd-4ac1-a045-2f2d9561d411
8b3d288a-1c6d-4a53-9793-1f3c28095b5d,"",species,Animalia,Sicalis columbiana,"",外來 Non-native,"","","暫無危機（LC, Least Concern）","",taiCOLNameCode空白,,https://taxatree.tbn.org.tw/taxa/8b3d288a-1c6d-4a53-9793-1f3c28095b5d
54a5c8b3-778a-46e0-9b9c-7d36799b3c18,"",species,Animalia,Trichoglossus moluccanus,"",外來 Non-native,"","","暫無危機（LC, Least Concern）","",taiCOLNameCode空白,,https://taxatree.tbn.org.tw/taxa/54a5c8b3-778a-46e0-9b9c-7d36799b3c18
df813c85-d964-4849-b506-d315679eb937,"",species,Animalia,Trichoglossus rubritorquis,"",外來 Non-native,"","","暫無危機（LC, Least Concern）","",taiCOLNameCode空白,,https://taxatree.tbn.org.tw/taxa/df813c85-d964-4849-b506-d315679eb937
fb46b4e5-d2b4-43ba-a5db-f3cc22bf92b1,"",species,Animalia,Trochalopteron formosum,"",外來 Non-native,"","","暫無危機（LC, Least Concern）","",taiCOLNameCode空白,,https://taxatree.tbn.org.tw/taxa/fb46b4e5-d2b4-43ba-a5db-f3cc22bf92b1
ca04b9ad-203b-49a4-9ff4-25a903752d32,"",species,Animalia,Vidua chalybeata,"",外來 Non-native,"","","暫無危機（LC, Least Concern）","",taiCOLNameCode空白,,https://taxatree.tbn.org.tw/taxa/ca04b9ad-203b-49a4-9ff4-25a903752d32
236baa19-37c4-41b9-8761-dc2e29ec67f5,"",species,Animalia,Vidua obtusa,"",外來 Non-native,"","","暫無危機（LC, Least Concern）","",taiCOLNameCode空白,,https://taxatree.tbn.org.tw/taxa/236baa19-37c4-41b9-8761-dc2e29ec67f5
4de8f823-779f-4b5d-9230-a9b25937730f,"",order,Animalia,Polychaeta ordo incertae sedis,"",原生 Native,"","","","",taiCOLNameCode空白,,https://taxatree.tbn.org.tw/taxa/4de8f823-779f-4b5d-9230-a9b25937730f
47011ba1-a5ba-4aa0-937e-caf42b93cc20,"",species,Animalia,Euplectes afer,"",外來 Non-native,"","","暫無危機（LC, Least Concern）","",taiCOLNameCode空白,,https://taxatree.tbn.org.tw/taxa/47011ba1-a5ba-4aa0-937e-caf42b93cc20
97a584e6-1689-45ee-a654-5dc2624f3143,"",genus,Animalia,Stizoptera,"",外來 Non-native,"","","","",taiCOLNameCode空白,,https://taxatree.tbn.org.tw/taxa/97a584e6-1689-45ee-a654-5dc2624f3143
8d3b0f6d-7b24-4e98-bd0c-dc51897a7587,"",species,Animalia,Stizoptera bichenovii,"",外來 Non-native,"","","暫無危機（LC, Least Concern）","",taiCOLNameCode空白,,https://taxatree.tbn.org.tw/taxa/8d3b0f6d-7b24-4e98-bd0c-dc51897a7587
58b25f68-0a3d-43a8-a3f0-1e1125dcfa45,"",genus,Animalia,Graptemys,"",外來 Non-native,"","","","",taiCOLNameCode空白,,https://taxatree.tbn.org.tw/taxa/58b25f68-0a3d-43a8-a3f0-1e1125dcfa45
e6ed5b5d-64c0-41f6-b7d9-2142899acee4,"",species,Animalia,Graptemys ouachitensis,"",外來 Non-native,"","","","",taiCOLNameCode空白,,https://taxatree.tbn.org.tw/taxa/e6ed5b5d-64c0-41f6-b7d9-2142899acee4
787de856-c8c6-40e3-8b89-a1193964780a,"",genus,Animalia,Asiopisinus,"","","","","","",taiCOLNameCode空白,,https://taxatree.tbn.org.tw/taxa/787de856-c8c6-40e3-8b89-a1193964780a
2ca84cf5-902f-4e52-a466-20b94814e71c,"",genus,Animalia,Asterophilia,"","","","","","",taiCOLNameCode空白,,https://taxatree.tbn.org.tw/taxa/2ca84cf5-902f-4e52-a466-20b94814e71c
6da89c70-5b7b-41de-acd1-e45159c0c092,"",genus,Animalia,Babacoris,"","","","","","",taiCOLNameCode空白,,https://taxatree.tbn.org.tw/taxa/6da89c70-5b7b-41de-acd1-e45159c0c092
9e8ba9ef-9b0a-400d-8414-c4cf6b5f68e5,"",genus,Animalia,Cherusius,"","","","","","",taiCOLNameCode空白,,https://taxatree.tbn.org.tw/taxa/9e8ba9ef-9b0a-400d-8414-c4cf6b5f68e5
8ac59670-517d-40e3-bd92-a8cdf856dacf,"",genus,Animalia,Dacryphanes,"","","","","","",taiCOLNameCode空白,,https://taxatree.tbn.org.tw/taxa/8ac59670-517d-40e3-bd92-a8cdf856dacf
f13a2433-3532-4149-a6eb-eb2efcd8cbfc,"",genus,Animalia,Eurystylopsis,"","","","","","",taiCOLNameCode空白,,https://taxatree.tbn.org.tw/taxa/f13a2433-3532-4149-a6eb-eb2efcd8cbfc
e08d6b5f-6e7a-4798-9f9e-4081098f2189,"",genus,Animalia,Gigathele,"","","","","","",taiCOLNameCode空白,,https://taxatree.tbn.org.tw/taxa/e08d6b5f-6e7a-4798-9f9e-4081098f2189
3584647c-7759-4790-b87c-071c8c530fa0,"",genus,Animalia,Gnathophylloides,"","","","","","",taiCOLNameCode空白,,https://taxatree.tbn.org.tw/taxa/3584647c-7759-4790-b87c-071c8c530fa0
a5f109a9-6b01-4b59-b0a1-4fcd4812c16c,"",genus,Animalia,Gotoshinomiris,"","","","","","",taiCOLNameCode空白,,https://taxatree.tbn.org.tw/taxa/a5f109a9-6b01-4b59-b0a1-4fcd4812c16c
e484d402-6398-4659-90a1-a6d842e529c6,"",genus,Animalia,Lantanophaga,"","","","","","",taiCOLNameCode空白,,https://taxatree.tbn.org.tw/taxa/e484d402-6398-4659-90a1-a6d842e529c6
801aa01d-a42e-4e47-9d3f-9added4e91a6,"",genus,Animalia,Matsumurasca,"","","","","","",taiCOLNameCode空白,,https://taxatree.tbn.org.tw/taxa/801aa01d-a42e-4e47-9d3f-9added4e91a6
62f44afc-27ce-43dc-9ab0-758e07fb1cbc,"",genus,Animalia,Paratapes,"","","","","","",taiCOLNameCode空白,,https://taxatree.tbn.org.tw/taxa/62f44afc-27ce-43dc-9ab0-758e07fb1cbc
e4fabb4a-a60f-4749-b5a0-da740385da73,"",genus,Animalia,Petalifera,"","","","","","",taiCOLNameCode空白,,https://taxatree.tbn.org.tw/taxa/e4fabb4a-a60f-4749-b5a0-da740385da73
289c8b46-efa8-47a4-8b92-7e7e4d1af88c,"",genus,Animalia,Phylliroe,"","","","","","",taiCOLNameCode空白,,https://taxatree.tbn.org.tw/taxa/289c8b46-efa8-47a4-8b92-7e7e4d1af88c
2074dc97-d7c0-4021-bce0-d84f55d1e63a,"",genus,Animalia,Physalia,"","","","","","",taiCOLNameCode空白,,https://taxatree.tbn.org.tw/taxa/2074dc97-d7c0-4021-bce0-d84f55d1e63a
e230a25c-b610-44a1-be69-b3a3a6794b79,"",genus,Animalia,Poppiolygus,"","","","","","",taiCOLNameCode空白,,https://taxatree.tbn.org.tw/taxa/e230a25c-b610-44a1-be69-b3a3a6794b79
c7392007-56da-464a-8735-948222142fd3,"",genus,Animalia,Purpurata,"","","","","","",taiCOLNameCode空白,,https://taxatree.tbn.org.tw/taxa/c7392007-56da-464a-8735-948222142fd3
c66c9d5a-29f1-4b94-b2f5-34245c729f55,"",genus,Animalia,Robigus,"","","","","","",taiCOLNameCode空白,,https://taxatree.tbn.org.tw/taxa/c66c9d5a-29f1-4b94-b2f5-34245c729f55
33f2fcb5-42a9-47b2-b69a-075e8d68e0ef,"",genus,Animalia,Scaphesthes,"","","","","","",taiCOLNameCode空白,,https://taxatree.tbn.org.tw/taxa/33f2fcb5-42a9-47b2-b69a-075e8d68e0ef
09e613e7-9415-4276-a6e2-31ff3351b9bf,"",genus,Animalia,Spinathele,"","","","","","",taiCOLNameCode空白,,https://taxatree.tbn.org.tw/taxa/09e613e7-9415-4276-a6e2-31ff3351b9bf
94e535d3-f565-4953-aee4-9e574e9ea54b,"",genus,Animalia,Stephoblemmus,"","","","","","",taiCOLNameCode空白,,https://taxatree.tbn.org.tw/taxa/94e535d3-f565-4953-aee4-9e574e9ea54b
bf2b979b-0c14-4cb1-8464-b13de5c404d0,"",genus,Animalia,Thaumastocaris,"","","","","","",taiCOLNameCode空白,,https://taxatree.tbn.org.tw/taxa/bf2b979b-0c14-4cb1-8464-b13de5c404d0
9979cb53-3429-413c-8bbd-0ebf05da162b,"",genus,Animalia,Tropidomantis,"","","","","","",taiCOLNameCode空白,,https://taxatree.tbn.org.tw/taxa/9979cb53-3429-413c-8bbd-0ebf05da162b
f0291b96-83ed-47ae-a415-7ae1be6e9c14,"",genus,Animalia,Validiblatta,"","","","","","",taiCOLNameCode空白,,https://taxatree.tbn.org.tw/taxa/f0291b96-83ed-47ae-a415-7ae1be6e9c14
61b6c7e0-2450-4a97-ab7f-2fce0b23ad4d,t0101893,species,Animalia,Pycnoscelus indicus,"","","","","","",種與種下原生性空白,,https://taxatree.tbn.org.tw/taxa/61b6c7e0-2450-4a97-ab7f-2fce0b23ad4d
552edab2-2f4c-41c8-b75e-63b6906efa0e,t0122887,species,Animalia,Daphnephila urnicola,"","","","","","",種與種下原生性空白,,https://taxatree.tbn.org.tw/taxa/552edab2-2f4c-41c8-b75e-63b6906efa0e
a17f92e7-5fdf-435b-9fd0-8b2d20ff2a0b,t0101341,species,Animalia,Atkinsoniella alternata,"","","","","","",種與種下原生性空白,,https://taxatree.tbn.org.tw/taxa/a17f92e7-5fdf-435b-9fd0-8b2d20ff2a0b
110da285-3948-4d7c-aad8-fdf0fb2564b7,t0105481,species,Animalia,Maiestas dorsalis,"","","","","","",種與種下原生性空白,,https://taxatree.tbn.org.tw/taxa/110da285-3948-4d7c-aad8-fdf0fb2564b7
3f565963-776e-45cf-8651-c8550f9d0d2d,t0100371,species,Animalia,Lema trivittata,"","","","","","",種與種下原生性空白,,https://taxatree.tbn.org.tw/taxa/3f565963-776e-45cf-8651-c8550f9d0d2d
28e27fab-d61d-4e25-b0c7-2a02c72bab4f,t0106180,species,Animalia,Myrmeleon tenuipennis,"","","","","","",種與種下原生性空白,,https://taxatree.tbn.org.tw/taxa/28e27fab-d61d-4e25-b0c7-2a02c72bab4f
e3516158-e95c-4ab6-ad79-6cfe6d8c75bb,t0096492,species,Animalia,Myriochila specularis,"","","","","","",種與種下原生性空白,,https://taxatree.tbn.org.tw/taxa/e3516158-e95c-4ab6-ad79-6cfe6d8c75bb
2baab6d1-5f47-455e-ac36-fc3ac835d37b,t0105883,species,Animalia,Agrilus pericles,"","","","","","",種與種下原生性空白,,https://taxatree.tbn.org.tw/taxa/2baab6d1-5f47-455e-ac36-fc3ac835d37b
34eeb1e6-13d0-41b8-b5b0-4b7dfcb7ab48,t0102472,species,Animalia,Dorcus yaksha,"","","","","","",種與種下原生性空白,,https://taxatree.tbn.org.tw/taxa/34eeb1e6-13d0-41b8-b5b0-4b7dfcb7ab48
f2e385a5-7604-4b30-b3f2-1c3a8b4d19c5,t0107054,species,Animalia,Agrilus esakii,"","","","","","",種與種下原生性空白,,https://taxatree.tbn.org.tw/taxa/f2e385a5-7604-4b30-b3f2-1c3a8b4d19c5
36b07a20-4ccb-413d-9199-9d04641b85ee,t0095959,species,Animalia,Java nigrita,"","","","","","",種與種下原生性空白,,https://taxatree.tbn.org.tw/taxa/36b07a20-4ccb-413d-9199-9d04641b85ee
28ff3729-b704-44a4-a1f9-5dec658023b4,t0096777,species,Animalia,Serrognathus titanus,"","","","","","",種與種下原生性空白,,https://taxatree.tbn.org.tw/taxa/28ff3729-b704-44a4-a1f9-5dec658023b4
0ee1caef-fdfc-47f1-818f-c85e4e3c55ce,t0106046,species,Animalia,Lebinthus lanyuensis,"","","","","","",種與種下原生性空白,,https://taxatree.tbn.org.tw/taxa/0ee1caef-fdfc-47f1-818f-c85e4e3c55ce
2642bc16-9eb0-4fb6-a7dd-42e871f6407f,t0098587,species,Animalia,Priotyrannus closteroides,"","","","","","",種與種下原生性空白,,https://taxatree.tbn.org.tw/taxa/2642bc16-9eb0-4fb6-a7dd-42e871f6407f
7c26ca50-f336-4b79-98e5-1af7dea77f38,t0106106,species,Animalia,Diestramima taiwanensis,台灣特有,"","","","","",種與種下原生性空白,,https://taxatree.tbn.org.tw/taxa/7c26ca50-f336-4b79-98e5-1af7dea77f38
c1507132-da8f-4b50-a1c5-9045e77fe2c6,t0105446,species,Animalia,Pachymetopius decoratus,"","","","","","",種與種下原生性空白,,https://taxatree.tbn.org.tw/taxa/c1507132-da8f-4b50-a1c5-9045e77fe2c6
cb12c3af-55fd-4466-b36a-90f06804dfeb,t0106060,species,Animalia,Modicogryllus consobrinus,"","","","","","",種與種下原生性空白,,https://taxatree.tbn.org.tw/taxa/cb12c3af-55fd-4466-b36a-90f06804dfeb
0f6c520c-2795-4beb-95e7-9f2b5024913d,t0101712,species,Animalia,Mesopteryx alata,"","","","","","",種與種下原生性空白,,https://taxatree.tbn.org.tw/taxa/0f6c520c-2795-4beb-95e7-9f2b5024913d
8e19365f-34dc-4372-bffb-51cfc77f9165,t0096742,species,Animalia,Ophiuchus bizonatus,"","","","","","",種與種下原生性空白,,https://taxatree.tbn.org.tw/taxa/8e19365f-34dc-4372-bffb-51cfc77f9165
abad8aba-c8f7-431f-a798-fbafcaa950a0,t0122871,species,Animalia,Schizomyia maesae,台灣特有,"","","","","",種與種下原生性空白,,https://taxatree.tbn.org.tw/taxa/abad8aba-c8f7-431f-a798-fbafcaa950a0
0375222a-a278-4f4c-bdf5-4f2b0355d6f4,t0105482,species,Animalia,Dryadomorpha pallida,"","","","","","",種與種下原生性空白,,https://taxatree.tbn.org.tw/taxa/0375222a-a278-4f4c-bdf5-4f2b0355d6f4
d44e4f2a-7c51-49c9-8bfc-dcf346227f79,t0122503,species,Animalia,Dracogryllacris latilamargis,"","","","","","",種與種下原生性空白,,https://taxatree.tbn.org.tw/taxa/d44e4f2a-7c51-49c9-8bfc-dcf346227f79
2bb76074-8a63-40ac-8bdd-8f6383198b00,t0106057,species,Animalia,Pentacentrus formosanus,"","","","","","",種與種下原生性空白,,https://taxatree.tbn.org.tw/taxa/2bb76074-8a63-40ac-8bdd-8f6383198b00
af819505-2140-4cf7-a2da-07531d9da690,t0103174,species,Animalia,Pharambara splendida,"","","","","","",種與種下原生性空白,,https://taxatree.tbn.org.tw/taxa/af819505-2140-4cf7-a2da-07531d9da690
5f53c65d-2fee-47e2-8caa-a99e5271595b,t0122880,species,Animalia,Pseudasphondylia kiwiphila,"","","","","","",種與種下原生性空白,,https://taxatree.tbn.org.tw/taxa/5f53c65d-2fee-47e2-8caa-a99e5271595b
133116db-75d0-4b4f-ab20-947000e23864,t0106047,species,Animalia,Sclerogryllus punctatus,"","","","","","",種與種下原生性空白,,https://taxatree.tbn.org.tw/taxa/133116db-75d0-4b4f-ab20-947000e23864
b369fe3e-dade-4db0-93cf-c96c99ce6e5e,t0106042,species,Animalia,Mnesibulus okunii,"","","","","","",種與種下原生性空白,,https://taxatree.tbn.org.tw/taxa/b369fe3e-dade-4db0-93cf-c96c99ce6e5e
99e240e9-2269-4b73-89d2-354ead4e0d9a,t0122879,species,Animalia,Pseudasphondylia elaeocarpi,"","","","","","",種與種下原生性空白,,https://taxatree.tbn.org.tw/taxa/99e240e9-2269-4b73-89d2-354ead4e0d9a
cc16e6eb-fd2e-49be-b5d8-07ed94ee89c5,t0106058,species,Animalia,Pseudomadasumma maculata,"","","","","","",種與種下原生性空白,,https://taxatree.tbn.org.tw/taxa/cc16e6eb-fd2e-49be-b5d8-07ed94ee89c5
ae693219-b108-4607-92b9-ca70d7fd4505,t0101286,species,Animalia,Shortcrowna flavocapitata,"","","","","","",種與種下原生性空白,,https://taxatree.tbn.org.tw/taxa/ae693219-b108-4607-92b9-ca70d7fd4505
f0ccb651-a415-431d-afd7-658626ad9636,t0124115,species,Animalia,Eurystylus jingfui,"","","","","","",種與種下原生性空白,,https://taxatree.tbn.org.tw/taxa/f0ccb651-a415-431d-afd7-658626ad9636
afa10994-2167-4350-9d5d-6a659ea647dc,t0124216,species,Animalia,Xylotrupes philippinensis,"","","","","","",種與種下原生性空白,,https://taxatree.tbn.org.tw/taxa/afa10994-2167-4350-9d5d-6a659ea647dc
b5000331-d021-4683-abce-d12d0ac39772,t0124110,species,Animalia,Babacoris striatus,"","","","","","",種與種下原生性空白,,https://taxatree.tbn.org.tw/taxa/b5000331-d021-4683-abce-d12d0ac39772
9457a210-5e32-470d-afb6-046d3573a388,t0124121,species,Animalia,Gotoshinomiris formosacolus,"","","","","","",種與種下原生性空白,,https://taxatree.tbn.org.tw/taxa/9457a210-5e32-470d-afb6-046d3573a388
205417f6-bd9b-4aee-b259-1de5a0c0f238,t0124127,species,Animalia,Poppiolygus bengalicus,"","","","","","",種與種下原生性空白,,https://taxatree.tbn.org.tw/taxa/205417f6-bd9b-4aee-b259-1de5a0c0f238
df09cbd8-4939-4019-94ae-ba7362d215ba,t0064207,species,Animalia,Galendromus occidentalis,"",外來栽培 Cultivated (non-native),"","","","",原生性等於外來栽培or外來歸化的動物,,https://taxatree.tbn.org.tw/taxa/df09cbd8-4939-4019-94ae-ba7362d215ba
16867889-1b19-44a8-a42a-8b08ccb99a07,t0081380,species,Animalia,Neoseiulus fallacis,"",外來栽培 Cultivated (non-native),"","","","",原生性等於外來栽培or外來歸化的動物,,https://taxatree.tbn.org.tw/taxa/16867889-1b19-44a8-a42a-8b08ccb99a07
791d79a5-2f23-4a55-aeb3-343334523404,t0084382,species,Animalia,Phytoseiulus persimilis,"",外來栽培 Cultivated (non-native),"","","","",原生性等於外來栽培or外來歸化的動物,,https://taxatree.tbn.org.tw/taxa/791d79a5-2f23-4a55-aeb3-343334523404
794f66a5-18ef-4412-bd28-9089c04a2f9b,t0036307,species,Animalia,Podocinum pintungense,"",外來栽培 Cultivated (non-native),"","","","",原生性等於外來栽培or外來歸化的動物,,https://taxatree.tbn.org.tw/taxa/794f66a5-18ef-4412-bd28-9089c04a2f9b
2d833182-d17a-45cb-b37c-a67d5854533f,t0070983,species,Animalia,Alpheus randalli,"",外來栽培 Cultivated (non-native),"","","","",原生性等於外來栽培or外來歸化的動物,,https://taxatree.tbn.org.tw/taxa/2d833182-d17a-45cb-b37c-a67d5854533f
2c0f4e38-7fd4-49d1-ba2a-e50ef9b7085b,t0046197,species,Animalia,Caridina cantonensis,"",外來栽培 Cultivated (non-native),"","","暫無危機（LC, Least Concern）","",原生性等於外來栽培or外來歸化的動物,,https://taxatree.tbn.org.tw/taxa/2c0f4e38-7fd4-49d1-ba2a-e50ef9b7085b
3a3f1424-8a54-4522-841c-95d3ff11a0bc,t0083769,species,Animalia,Periclimenes holthuisi,"",外來栽培 Cultivated (non-native),"","","","",原生性等於外來栽培or外來歸化的動物,,https://taxatree.tbn.org.tw/taxa/3a3f1424-8a54-4522-841c-95d3ff11a0bc
6c1c2818-52fb-46e2-9788-ae759383d44c,t0048418,species,Animalia,Urocaridella antonbruunii,"",外來栽培 Cultivated (non-native),"","","","",原生性等於外來栽培or外來歸化的動物,,https://taxatree.tbn.org.tw/taxa/6c1c2818-52fb-46e2-9788-ae759383d44c
662c7959-11fc-4bba-b179-b4225070ef7b,t0039673,species,Animalia,Stenopus tenuirostris,"",外來栽培 Cultivated (non-native),"","","","",原生性等於外來栽培or外來歸化的動物,,https://taxatree.tbn.org.tw/taxa/662c7959-11fc-4bba-b179-b4225070ef7b
ff0a626f-6055-4c3f-acde-aec99d994ee2,t0062690,species,Animalia,Enoplometopus debelius,"",外來栽培 Cultivated (non-native),"","","資料缺乏（DD, Data Deficient）","",原生性等於外來栽培or外來歸化的動物,,https://taxatree.tbn.org.tw/taxa/ff0a626f-6055-4c3f-acde-aec99d994ee2
d1ceaefe-5a5a-45c8-bb5b-2bfa7d96c1f0,t0068184,species,Animalia,Lysmata debelius,"",外來栽培 Cultivated (non-native),"","","","",原生性等於外來栽培or外來歸化的動物,,https://taxatree.tbn.org.tw/taxa/d1ceaefe-5a5a-45c8-bb5b-2bfa7d96c1f0
e7653e0e-f7c4-4086-bf91-dd30cfe74319,t0037875,species,Animalia,Rhynchocinetes rugulosus,"",外來栽培 Cultivated (non-native),"","","","",原生性等於外來栽培or外來歸化的動物,,https://taxatree.tbn.org.tw/taxa/e7653e0e-f7c4-4086-bf91-dd30cfe74319
3f5a1160-ba05-413d-b831-c495fc61b85f,t0064789,species,Animalia,Gonodactylus smithii,"",外來栽培 Cultivated (non-native),"","","","",原生性等於外來栽培or外來歸化的動物,,https://taxatree.tbn.org.tw/taxa/3f5a1160-ba05-413d-b831-c495fc61b85f
1e2bc75d-9270-4b84-81e9-e62b860224e3,t0064712,species,Animalia,Gomphina melanaegis,"",外來栽培 Cultivated (non-native),"","","","",原生性等於外來栽培or外來歸化的動物,,https://taxatree.tbn.org.tw/taxa/1e2bc75d-9270-4b84-81e9-e62b860224e3
b17b06a5-5560-4128-ae41-14dbbf5583e2,t0066541,species,Animalia,Katelysia hiantina,"",外來栽培 Cultivated (non-native),"","","","",原生性等於外來栽培or外來歸化的動物,,https://taxatree.tbn.org.tw/taxa/b17b06a5-5560-4128-ae41-14dbbf5583e2
1938bb25-8bbd-4606-b792-c588cf3d26ba,t0068947,species,Animalia,Meretrix lyrata,"",外來栽培 Cultivated (non-native),"","","","",原生性等於外來栽培or外來歸化的動物,,https://taxatree.tbn.org.tw/taxa/1938bb25-8bbd-4606-b792-c588cf3d26ba
fdaaaec7-c546-4c06-b2d1-db9a627f8d57,t0038017,species,Animalia,Ruditapes philippinarum,"",外來栽培 Cultivated (non-native),"","","","",原生性等於外來栽培or外來歸化的動物,,https://taxatree.tbn.org.tw/taxa/fdaaaec7-c546-4c06-b2d1-db9a627f8d57
2a387d3b-8e12-423d-81f7-18973a4b9c92,t0057743,species,Animalia,Arctica islandica,"",外來栽培 Cultivated (non-native),"","","","",原生性等於外來栽培or外來歸化的動物,,https://taxatree.tbn.org.tw/taxa/2a387d3b-8e12-423d-81f7-18973a4b9c92
c49abb19-d031-4e9e-8267-539dab561c68,t0039291,species,Animalia,Solecurtus divaricatus,"",外來栽培 Cultivated (non-native),"","","","",原生性等於外來栽培or外來歸化的動物,,https://taxatree.tbn.org.tw/taxa/c49abb19-d031-4e9e-8267-539dab561c68
50036e10-4af0-4bad-8d7b-1ca460f52e04,t0061963,species,Animalia,Donax deltoides,"",外來栽培 Cultivated (non-native),"","","","",原生性等於外來栽培or外來歸化的動物,,https://taxatree.tbn.org.tw/taxa/50036e10-4af0-4bad-8d7b-1ca460f52e04
79297ef1-d937-4351-a40c-0a22ba058ae1,t0039486,species,Animalia,Spisula solidissima,"",外來栽培 Cultivated (non-native),"","","","",原生性等於外來栽培or外來歸化的動物,,https://taxatree.tbn.org.tw/taxa/79297ef1-d937-4351-a40c-0a22ba058ae1
e7b77bab-5ab9-406e-b5d1-41ea0ced5fca,t0062695,species,Animalia,Ensis directus,"",外來栽培 Cultivated (non-native),"","","","",原生性等於外來栽培or外來歸化的動物,,https://taxatree.tbn.org.tw/taxa/e7b77bab-5ab9-406e-b5d1-41ea0ced5fca
df674d6e-8b46-4e46-928c-3fb532842aeb,t0028909,species,Animalia,Ensis siliqua,"",外來栽培 Cultivated (non-native),"","","","",原生性等於外來栽培or外來歸化的動物,,https://taxatree.tbn.org.tw/taxa/df674d6e-8b46-4e46-928c-3fb532842aeb
a83807b2-84e9-45bc-b635-7c0cc40269cd,t0039299,species,Animalia,Solen grandis,"",外來栽培 Cultivated (non-native),"","","","",原生性等於外來栽培or外來歸化的動物,,https://taxatree.tbn.org.tw/taxa/a83807b2-84e9-45bc-b635-7c0cc40269cd
1912901e-9ad3-4b28-8e59-fdc0fe563511,t0057657,species,Animalia,Anadara trapezia,"",外來栽培 Cultivated (non-native),"","","","",原生性等於外來栽培or外來歸化的動物,,https://taxatree.tbn.org.tw/taxa/1912901e-9ad3-4b28-8e59-fdc0fe563511
103e6d53-e7db-41cc-aac9-8f34fd125d7b,t0078209,species,Animalia,Chlamys farreri,"",外來栽培 Cultivated (non-native),"","","","",原生性等於外來栽培or外來歸化的動物,,https://taxatree.tbn.org.tw/taxa/103e6d53-e7db-41cc-aac9-8f34fd125d7b
8d728233-79b4-433b-af25-51e7cb8bba6d,t0030423,species,Animalia,Chlamys hastata,"",外來栽培 Cultivated (non-native),"","","","",原生性等於外來栽培or外來歸化的動物,,https://taxatree.tbn.org.tw/taxa/8d728233-79b4-433b-af25-51e7cb8bba6d
9b89ea42-7cf3-4d2d-bb71-e3bda71c453a,t0057832,species,Animalia,Atrina pectinata,"",外來栽培 Cultivated (non-native),"","","","",原生性等於外來栽培or外來歸化的動物,,https://taxatree.tbn.org.tw/taxa/9b89ea42-7cf3-4d2d-bb71-e3bda71c453a
9fbc737d-2554-4917-aacf-5f6b05698c91,t0070195,species,Animalia,Acropora gomezi,"",外來栽培 Cultivated (non-native),"","","資料缺乏（DD, Data Deficient）","",原生性等於外來栽培or外來歸化的動物,,https://taxatree.tbn.org.tw/taxa/9fbc737d-2554-4917-aacf-5f6b05698c91
81b12cc9-e5bd-42f8-8217-f83530596b0f,t0070237,species,Animalia,Acropora tortuosa,"",外來栽培 Cultivated (non-native),"","","瀕危（EN, Endangered）","",原生性等於外來栽培or外來歸化的動物,,https://taxatree.tbn.org.tw/taxa/81b12cc9-e5bd-42f8-8217-f83530596b0f
23fcb4b1-9b76-4f2e-a9fa-b8f576448571,t0070239,species,Animalia,Acropora turaki,"",外來栽培 Cultivated (non-native),"","","瀕危（EN, Endangered）","",原生性等於外來栽培or外來歸化的動物,,https://taxatree.tbn.org.tw/taxa/23fcb4b1-9b76-4f2e-a9fa-b8f576448571
1d6a8033-2db1-4ae9-8fdd-cf2db4f4675f,t0038060,species,Animalia,Sagra femorata,"",外來栽培 Cultivated (non-native),"","","","",原生性等於外來栽培or外來歸化的動物,,https://taxatree.tbn.org.tw/taxa/1d6a8033-2db1-4ae9-8fdd-cf2db4f4675f
6de56204-988d-451d-a1ff-b92c6c8538d6,t0033529,species,Animalia,Idioscopus nitidulus,"",外來栽培 Cultivated (non-native),"","","","",原生性等於外來栽培or外來歸化的動物,,https://taxatree.tbn.org.tw/taxa/6de56204-988d-451d-a1ff-b92c6c8538d6
2c79557d-980f-4aa8-b7f0-c4cf3bcd1d82,t0030280,species,Animalia,Ceratovacuna nekoashi,"",外來栽培 Cultivated (non-native),"","","","",原生性等於外來栽培or外來歸化的動物,,https://taxatree.tbn.org.tw/taxa/2c79557d-980f-4aa8-b7f0-c4cf3bcd1d82
ce90b0a0-e24c-4e97-b8d0-fc84133022e9,t0047165,species,Animalia,Thabena brunnifrons,"",外來栽培 Cultivated (non-native),"","","","",原生性等於外來栽培or外來歸化的動物,,https://taxatree.tbn.org.tw/taxa/ce90b0a0-e24c-4e97-b8d0-fc84133022e9
b461fb1f-9d0f-4620-a04f-5808dba01566,t0066431,species,Animalia,Jadera haematoloma,"",外來栽培 Cultivated (non-native),"","","","",原生性等於外來栽培or外來歸化的動物,,https://taxatree.tbn.org.tw/taxa/b461fb1f-9d0f-4620-a04f-5808dba01566
c16c7873-c806-414e-9ba7-83c75e740d37,t0046429,species,Animalia,Syllophopsis sechellensis,"",外來栽培 Cultivated (non-native),"","","","",原生性等於外來栽培or外來歸化的動物,,https://taxatree.tbn.org.tw/taxa/c16c7873-c806-414e-9ba7-83c75e740d37
d9406a84-217e-46f1-907b-2a086ad741ef,t0062151,species,Animalia,Dryocosmus kuriphilus,"",外來栽培 Cultivated (non-native),"","","","",原生性等於外來栽培or外來歸化的動物,,https://taxatree.tbn.org.tw/taxa/d9406a84-217e-46f1-907b-2a086ad741ef
845149bb-65bc-4671-af87-96ac9acc9f60,t0067723,species,Animalia,Lithosaphonecrus formosanus,"",外來栽培 Cultivated (non-native),"","","","",原生性等於外來栽培or外來歸化的動物,,https://taxatree.tbn.org.tw/taxa/845149bb-65bc-4671-af87-96ac9acc9f60
87d96be7-b571-41bf-a78f-35ccc724a74b,t0067724,species,Animalia,Lithosaphonecrus huisuni,"",外來栽培 Cultivated (non-native),"","","","",原生性等於外來栽培or外來歸化的動物,,https://taxatree.tbn.org.tw/taxa/87d96be7-b571-41bf-a78f-35ccc724a74b
5efb844f-ef72-4d9e-a454-8645249c60fe,t0067722,species,Animalia,Lithosaphonecrus dakengi,"",外來栽培 Cultivated (non-native),"","","","",原生性等於外來栽培or外來歸化的動物,,https://taxatree.tbn.org.tw/taxa/5efb844f-ef72-4d9e-a454-8645249c60fe
e45458af-9e01-42b3-8dc0-22ae8c381b10,t0038117,species,Animalia,Saphonecrus lithocarpii,"",外來栽培 Cultivated (non-native),"","","","",原生性等於外來栽培or外來歸化的動物,,https://taxatree.tbn.org.tw/taxa/e45458af-9e01-42b3-8dc0-22ae8c381b10
c3df5008-478e-401c-98c9-a929cf94a22e,t0038126,species,Animalia,Saphonecrus shirakashii,"",外來栽培 Cultivated (non-native),"","","","",原生性等於外來栽培or外來歸化的動物,,https://taxatree.tbn.org.tw/taxa/c3df5008-478e-401c-98c9-a929cf94a22e
2a979a76-5033-4bfa-a495-af9e86b3abac,t0038127,species,Animalia,Saphonecrus taitungi,"",外來栽培 Cultivated (non-native),"","","","",原生性等於外來栽培or外來歸化的動物,,https://taxatree.tbn.org.tw/taxa/2a979a76-5033-4bfa-a495-af9e86b3abac
0fca0cb9-7eb6-4ad4-a675-b83b76569b22,t0038125,species,Animalia,Saphonecrus shanzhukui,"",外來栽培 Cultivated (non-native),"","","","",原生性等於外來栽培or外來歸化的動物,,https://taxatree.tbn.org.tw/taxa/0fca0cb9-7eb6-4ad4-a675-b83b76569b22
83161ed0-f295-4dac-a25f-15b00d180696,t0038124,species,Animalia,Saphonecrus saliciniai,"",外來栽培 Cultivated (non-native),"","","","",原生性等於外來栽培or外來歸化的動物,,https://taxatree.tbn.org.tw/taxa/83161ed0-f295-4dac-a25f-15b00d180696
2e781e36-49ee-4fc1-85b8-cdf2d76320ec,t0038123,species,Animalia,Saphonecrus robustus,"",外來栽培 Cultivated (non-native),"","","","",原生性等於外來栽培or外來歸化的動物,,https://taxatree.tbn.org.tw/taxa/2e781e36-49ee-4fc1-85b8-cdf2d76320ec
08dffa0c-6601-4ade-9cc2-59d5f5920fb6,t0038122,species,Animalia,Saphonecrus pachylomai,"",外來栽培 Cultivated (non-native),"","","","",原生性等於外來栽培or外來歸化的動物,,https://taxatree.tbn.org.tw/taxa/08dffa0c-6601-4ade-9cc2-59d5f5920fb6
7781e486-81c6-4fe2-8966-416e9e22a676,t0038121,species,Animalia,Saphonecrus nichollsi,"",外來栽培 Cultivated (non-native),"","","","",原生性等於外來栽培or外來歸化的動物,,https://taxatree.tbn.org.tw/taxa/7781e486-81c6-4fe2-8966-416e9e22a676
e8759187-25f4-49ec-bff1-0b00c818f860,t0038120,species,Animalia,Saphonecrus nantoui,"",外來栽培 Cultivated (non-native),"","","","",原生性等於外來栽培or外來歸化的動物,,https://taxatree.tbn.org.tw/taxa/e8759187-25f4-49ec-bff1-0b00c818f860
25787d59-f0f7-4f49-aae6-53cc1bfe882c,t0038119,species,Animalia,Saphonecrus morii,"",外來栽培 Cultivated (non-native),"","","","",原生性等於外來栽培or外來歸化的動物,,https://taxatree.tbn.org.tw/taxa/25787d59-f0f7-4f49-aae6-53cc1bfe882c
17d9071e-f8a4-4335-9f1f-e68bf2f00219,t0038118,species,Animalia,Saphonecrus longinuxi,"",外來栽培 Cultivated (non-native),"","","","",原生性等於外來栽培or外來歸化的動物,,https://taxatree.tbn.org.tw/taxa/17d9071e-f8a4-4335-9f1f-e68bf2f00219
7ffaefbd-b13f-4671-b96e-dda34223e39e,t0038116,species,Animalia,Saphonecrus globosus,"",外來栽培 Cultivated (non-native),"","","","",原生性等於外來栽培or外來歸化的動物,,https://taxatree.tbn.org.tw/taxa/7ffaefbd-b13f-4671-b96e-dda34223e39e
95ea8f36-ca08-4769-8305-fae96ffc8f21,t0038115,species,Animalia,Saphonecrus gilvus,"",外來栽培 Cultivated (non-native),"","","","",原生性等於外來栽培or外來歸化的動物,,https://taxatree.tbn.org.tw/taxa/95ea8f36-ca08-4769-8305-fae96ffc8f21
58f9b936-150f-4668-bbca-4d89292b236d,t0046480,species,Animalia,Synergus kawakamii,"",外來栽培 Cultivated (non-native),"","","","",原生性等於外來栽培or外來歸化的動物,,https://taxatree.tbn.org.tw/taxa/58f9b936-150f-4668-bbca-4d89292b236d
1b950135-8728-4075-a1db-5daa859449a8,t0046478,species,Animalia,Synergus changtitangi,"",外來栽培 Cultivated (non-native),"","","","",原生性等於外來栽培or外來歸化的動物,,https://taxatree.tbn.org.tw/taxa/1b950135-8728-4075-a1db-5daa859449a8
b62adc6f-e52d-4e9e-b94f-f78b8137718c,t0048340,species,Animalia,Ufo cerroneuroteri,"",外來栽培 Cultivated (non-native),"","","","",原生性等於外來栽培or外來歸化的動物,,https://taxatree.tbn.org.tw/taxa/b62adc6f-e52d-4e9e-b94f-f78b8137718c
010cd02a-fd11-4d65-bab0-8f5177fae598,t0036730,species,Animalia,Procontarinia robusta,"",外來栽培 Cultivated (non-native),"","","","",原生性等於外來栽培or外來歸化的動物,,https://taxatree.tbn.org.tw/taxa/010cd02a-fd11-4d65-bab0-8f5177fae598
3786b7cc-3266-408a-a291-d174096289a5,t0036729,species,Animalia,Procontarinia mangicola,"",外來栽培 Cultivated (non-native),"","","","",原生性等於外來栽培or外來歸化的動物,,https://taxatree.tbn.org.tw/taxa/3786b7cc-3266-408a-a291-d174096289a5
1f50f76a-8923-4950-89b6-a40c4114370c,t0079299,species,Animalia,Coptotermes gestroi,"",外來栽培 Cultivated (non-native),"","","","",原生性等於外來栽培or外來歸化的動物,,https://taxatree.tbn.org.tw/taxa/1f50f76a-8923-4950-89b6-a40c4114370c
