TT_taxonUUID,TT_taxonRank,TT_kingdom,TT_taiCOLNameCode,TT_simplifiedScientificName,TC_simple_name
7598d2d0-e427-486a-b775-21fdec16afb5,order,Animalia,t0001930,Lampridiformes,Lampriformes
122e9445-69d8-4685-bb4b-c499c4cec709,genus,Chromista,t0025283,Saporlegnia,Saprolegnia
7b0febf4-e3a9-4693-b195-76420d84c106,species,Chromista,t0058186,Saporlegnia asterophora,Saprolegnia asterophora
7a095c2b-c00c-410a-8c50-7a37d7c373dd,species,Chromista,t0058187,Saporlegnia austrlis,Saprolegnia australis
2015599a-f542-4b2c-baf8-69ac741154d2,species,Chromista,t0058188,Saporlegnia diclina,Saprolegnia diclina
8385238d-3285-4797-bce1-3511278e033a,species,Chromista,t0059547,Saporlegnia ferax,Saprolegnia ferax
526ba010-3d9d-4bf5-b5f9-1ac837b34ef4,species,Chromista,t0058189,Saporlegnia formosana,Saprolegnia formosana
cac7ec7c-6864-4b18-8d3b-07120ad83d77,species,Chromista,t0058190,Saporlegnia parasitica,Saprolegnia parasitica
92fa83ca-3077-4dc0-8fe0-1d14d6a9f56f,species,Chromista,t0059859,Saporlegnia subterranea,Saprolegnia subterranea
0017916e-47e7-43d0-8528-511dc20986df,species,Chromista,t0060451,Saporlegnia terrestris,Saprolegnia terrestris
85d52fc1-a328-48ed-8d4f-465340960efa,species,Chromista,t0059860,Saporlegnia unispora,Saprolegnia unispora
fa00e918-cc98-4457-8c2e-b272672908d0,species,Animalia,t0030082,Paracalanidae tenuis,Calocalanus tenuis
d7f255c4-e0b0-47ed-92d1-bdd324b75a83,genus,Animalia,t0013635,Orthriophis,Elaphe
8afd17c7-4cd3-48c8-a3d7-5e6fe12a6c68,genus,Animalia,t0018943,Drupinia,Drupina
10576c92-38ca-4241-abce-2f79ef7aacdc,genus,Animalia,t0017197,Taneia,Taenia
6517e621-ed85-4e63-98b2-e371358e4bc0,genus,Animalia,t0015036,Pompholys,Pompholyx
f50221e0-16a0-4722-871f-1fdf08e9ee40,genus,Animalia,t0018428,Darumazo,Aphanerostethus
780ef936-c226-4f07-a9ab-ec9346c8455a,genus,Animalia,t0009646,Alesia,Micraspis
69d22022-497b-4d3d-801f-90fbe5f6e641,genus,Animalia,t0010984,Bothrocalvia,Microcaria
342e1d29-42c3-42f8-aac0-a3d3f02795d6,genus,Animalia,t0022186,Macrolleis,Macroilleis
f31453f2-2148-4198-8cb0-338fdc69dfeb,genus,Animalia,t0017743,Trigonodera,Pelecotoides
24ab3ac7-3aa9-4386-8689-cbfb2d943216,genus,Animalia,t0013815,Palionebris,Trachydora
ce3a1763-c978-4c59-9982-7c79f403a2e9,genus,Animalia,t0012683,Dacrypohanes,Dacryphanes
0efec1a2-cbae-4ebc-95d8-ddf9346083ec,genus,Animalia,t0019658,Eurystylomorpha,Eurystylopsis
6807e765-4c1c-488e-b857-8713729b6dcd,genus,Animalia,t0017666,Triantennaria,Tripartita
04c1611d-7dd4-41d9-9d2c-c48ef057cb89,genus,Animalia,t0017043,Synthesionyia,Synthesiomyia
ae455942-6889-411b-9b9c-06e1ddb29af3,genus,Animalia,t0022869,Mitius,Stephoblemmus
f54e2b4a-1897-4c41-b9e2-4298cd621fe3,species,Fungi,t0042577,Phanerochaete angustocystidiata,Phanerochaetella angustocystidiata
b94444c1-baf6-42e8-91b2-8772247a3cd3,species,Fungi,t0042671,Phlebiopsis himalayensis,Phaeophlebiopsis himalayensis
ba8c2698-ce35-46cd-b3f6-8d43bb01a491,species,Fungi,t0042598,Phanerochaete intertexta,Efibula intertexta
e4a970e7-c33c-45d3-b688-621cd5d99cb6,species,Fungi,t0042599,Phanerochaete leptoderma,Phanerochaetella leptoderma
caf662c7-6d6f-4467-8b20-8f7403a51b46,species,Fungi,t0042602,Phanerochaete odontoidea,Hydnophanerochaete odontoidea
109575fe-81c0-43a6-9c92-61b8925f78e3,species,Fungi,t0042605,Phanerochaete rubescens,Rhizochaete borneensis
6c192ceb-2d16-4037-aad8-6afba8425b7c,species,Fungi,t0042610,Phanerochaete subglobosa,Luteochaete subglobosa
c57aa4c5-4bbe-48c6-b76d-f03c49245e49,species,Fungi,t0042614,Phanerochaete tropica,Efibula tropica
1446426c-333c-4a1b-884e-971e8917f921,species,Fungi,t0043065,Tyromyces subcaesius,Postia subcaesia
db065f55-03c9-4258-9a41-d7da2054bfee,species,Fungi,t0033567,Entrophospora kentinensis,Acaulospora kentinensis
0475d075-6dc2-4be2-8596-929941facf28,species,Fungi,t0043044,Bahusaganda toruloides,Polyschema toruloides
977c87fe-ff08-4ef1-aeda-f33e8c9207b1,species,Animalia,t0038354,Scaphidium shrakii,Scaphidium shirakii
deec8490-0777-4853-8069-1b0fd60169e3,species,Fungi,t0044216,Sterigmatobotrys uniseptata,Sterigmatobotrys uniseptatus
86949f33-6aed-4d1c-93d8-3ea9417ee01d,genus,Animalia,t0026180,Ozptila,Ozyptila
a5d8d265-2ff1-4f61-8522-ee9f6bf61257,species,Animalia,t0079448,Cosell falsus,Cosella falsus
22cd7622-2a65-4084-a72c-87ecac96315a,species,Animalia,t0079449,Cosell kadsuriae,Cosella kadsuriae
53a80b03-a512-49d3-abb3-bf6ed0625dca,species,Animalia,t0079450,Cosell parvifloriae,Cosella parvifloriae
8b21c0ca-efbb-426b-a447-ce62d03e81ef,species,Animalia,t0057733,Araneus ejusmodi,Songaraneus ejusmodi
84d0f09d-0d3d-4594-a6af-a7049a342f88,species,Animalia,t0072113,Araneus viridiventris,Leviaraneus viridiventris
57dc7b42-ee6d-4b2a-994a-fdc14c17de97,species,Animalia,t0072216,Argyrodes lanyuensis,Rhinoliparus lanyuensis
d42b79de-8cc3-4c58-af5d-65cc37794e4e,species,Animalia,t0029177,Faiditus xiphias,Rhinocosmetus xiphias
1e2ed76c-3825-4f40-a84d-ed4e8cd9cdbc,species,Animalia,t0029135,Eutittha insulana,Cheiracanthium insulanum
f96edf2a-5479-4bbf-9cba-a592c3e0b324,species,Animalia,t0029136,Eutittha mordax,Cheiracanthium mordax
7a142df8-609a-4d38-969a-e32a47c2477f,species,Animalia,t0047065,Tetragnatha gracilis,Tetragnatha earmra
ae97309f-02c9-4506-924b-22d1ed31bc65,species,Animalia,t0029178,Falcileptoneata taiwanensis,Falcileptoneta taiwanensis
532bcc07-5f4c-4472-92c3-5fc4353e9563,species,Animalia,t0080849,Mysmena taiwanica,Chimena taiwanica
648d31fb-5512-4511-be43-31db6a043701,species,Animalia,t0029396,Grandilithus taiwanica,Grandilithus taiwanicus
7b43fd52-40fd-4ac6-8c82-56e407f7d392,species,Animalia,t0083904,Peucetia formosensis,Peucetia latikae
5e39228e-b431-4a97-9c14-6520d1d63312,species,Animalia,t0037774,Rhipicephalus haemophysaloides,Rhipicephalus haemaphysaloides
b29987be-60b1-45e5-924d-4114c2e4589d,species,Animalia,t0072715,Australimoosella êmaoi,Australimoosella emaoi
e223daa5-5719-422e-8fc5-a11bdd54211e,species,Animalia,t0082564,Otocytherella êhêha,Otocytherella eheha
e221a8f2-1e7b-44f0-abd7-0e971ef3cf7c,species,Animalia,t0037372,Ptychognathus hachijyoensis,Ptychognathus hachijoensis
40626b4d-9d56-4f7f-9339-33dbdbcc7365,species,Animalia,t0038839,Sesarmops impressum,Sesarmops imperator
3361925a-e3ac-405f-a5f7-4d40ded7244e,species,Animalia,t0079949,Cyclodius granulosus,Phymodius granulosus
2c5c80c6-316c-40a9-a08c-79117e79dfe4,species,Animalia,t0028529,Xanthias elegans,Paraxanthias elegans
28de627e-7d5d-4e4c-801c-1ac0c7d891a2,species,Animalia,t0036651,Prionocrangon brevirostris,Prionocrangon formosa
6ac0699b-95ea-4a7d-a5e1-f5561fc1512e,species,Animalia,t0070593,Agononida soelae,Munida soelae
8465958f-4002-4bfa-9288-26f7f5b8526c,species,Animalia,t0046463,Synalpheus stimpsoni,Synalpheus stimpsonii
a769ca0e-caf1-4a9a-b4a1-81606f8e8b17,species,Animalia,t0066584,Kishinouyepenaeopsis cornuta,Parapenaeopsis cornuta
87da5b92-a2f6-4958-88ec-939cae94c00f,species,Animalia,t0065492,Heterocarpus hayashi,Heterocarpus hayashii
543e2716-f259-4e31-9686-30cca39a083d,species,Animalia,t0078005,Charybdis acutifrons,Goniosupradens acutifrons
ef3ef472-da14-416c-8d9f-b4271c2b1656,species,Animalia,t0078013,Charybdis obtusifrons,Goniosupradens obtusifrons
b6cfb5ff-b9c7-48d0-8ab2-e7148cb8c553,species,Animalia,t0033341,Thalamita danae,Thranita danae
9862ee1a-3fd2-4e8e-a3a6-796158c15d09,species,Animalia,t0033342,Thalamita demani,Trierarchus demani
c28e01e6-7e3d-4343-985b-ef7bd7c6f08e,species,Animalia,t0047193,Thalamita holthuisi,Thranita holthuisi
0261cd3a-9715-4dee-b302-e352ce54562d,species,Animalia,t0047197,Thalamita prymna,Thranita prymna
a0d75f53-d849-49a2-81bc-efaa76b33a82,species,Animalia,t0079075,Conchodytes meleagrinea,Conchodytes meleagrinae
d81d8935-7ca0-437a-bbae-f2c59c2d6a64,species,Animalia,t0083770,Periclimenes soror,Zenopontonia soror
74ad851c-784c-4019-8825-fa48baf7c1cb,species,Animalia,t0037872,Rhynchocinetes hendersoni,Cinetorhynchus hendersoni
c2ecd082-b73c-4980-96fe-61dad3fff606,species,Animalia,t0083043,Paracylopina nana,Paracyclopina nana
c209c92e-4ebd-4d87-96c3-ea7e025fc14e,species,Animalia,t0046238,Totanus taiwanicus,Tortanus taiwanicus
2c31343a-7332-4a38-8124-d7be6d1ed89c,species,Animalia,t0047600,Totanus spinicaudatus,Tortanus spinicaudatus
fb2ac646-5754-4e70-9faf-cd545fee033e,species,Animalia,t0047601,Totanus vermiculus,Tortanus vermiculus
58c33ae0-c5c9-4212-995f-758db3923dd9,species,Animalia,t0047591,Totanus barbatus,Tortanus barbatus
d53c6ced-1cd2-4167-a26d-74b256ced1f8,species,Animalia,t0047595,Totanus forcipatus,Tortanus forcipatus
0fcb3c6c-fb8d-4f0c-ac42-28a00a708c68,species,Animalia,t0047596,Totanus gracilis,Tortanus gracilis
d62cadfe-a265-4f83-a4a9-1c6b4aeac149,species,Animalia,t0047592,Totanus denticulata,Tortanus denticulata
9699e96c-9310-44a1-b25a-b8f320b07f4b,species,Animalia,t0030108,Cantherhines multilineatus,Thamnaconus multilineatus
74854117-fa8b-4a4f-a113-e89d6581c7d9,species,Animalia,t0031390,Ostracion cubicus,Ostracion cubicum
5fd2b2a1-0f60-4943-bf68-c86dabe3324d,species,Animalia,t0030929,Dendrochirus bellus,Neochirus bella
0b80b00e-c140-4a92-b758-7774d27fc5b2,species,Animalia,t0030930,Dendrochirus biocellatus,Nemapterois biocellatus
29bdd62a-cc55-4171-a7c9-38df7a27849f,species,Animalia,t0030931,Dendrochirus brachypterus,Neochirus brachyptera
522db6dc-7ba3-4bfd-bff8-6cd036111a7d,species,Animalia,t0052074,Neomerinthe rotunda,Neomerinthe erostris
f81ac2b6-0785-447d-9d2b-a6e6e8a056a4,species,Animalia,t0031576,Parapterois heterura,Parapterois heterurus
0233dc43-b5d4-48c1-b6da-4e51639f0a21,species,Animalia,t0032340,Pterois antennata,Pteropterus antennatus
d4cab5bd-bf57-4cc1-b122-70430eb6def0,species,Animalia,t0056003,Pterois radiata,Pteropterus radiatus
a11caee8-4ee6-4b3b-b8e4-925296309345,species,Animalia,t0056002,Pterois paucispinula,Pteropterus paucispinula
775bc755-bd87-4742-a61e-53a8abe4e81b,species,Animalia,t0056209,Scorpaena izensis,Scorpaena neglecta
b110882c-ec87-4a71-9025-6ce8cab8f54d,species,Animalia,t0056214,Scorpaenodes crossotus,Thysanichthys crossotus
fb16b09b-9653-4c28-b90a-0a4afbab6bc8,species,Animalia,t0032812,Setarches longimanus,Lythrichthys longimanus
ea2dabf4-4788-4314-839e-aec4c619c321,species,Animalia,t0033026,Pomacentrus altus,Plectroglyphidodon altus
3334e304-dbb9-4ef0-8182-03fba117a472,species,Animalia,t0049989,Bembrops filifera,Bembrops filifer
12074a92-4267-4426-929e-b2b75faa29f1,species,Animalia,t0056818,Amoya pflaumi,Acentrogobius pflaumii
32734f7f-e42a-4a66-9edf-479b7f6a70aa,species,Animalia,t0056816,Amoya janthinopterus,Acentrogobius janthinopterus
8dca2863-4cda-45c2-ac9d-20bbb757af9b,species,Animalia,t0052306,Oxyurichthys formosanus,Oligolepis formosanus
e3837603-7004-481b-b7a0-2393e719f1be,species,Animalia,t0032112,Priolepis cinctus,Priolepis cincta
590172ec-9a19-4aea-a702-406e9f92742c,species,Animalia,t0051582,Jaydia lineatus,Jaydia lineata
9cbd20f4-c850-4bf4-8aaa-b2e38e674ee4,species,Animalia,t0057012,Aurigequula fasciatus,Aurigequula fasciata
16e325ac-6a35-4fe1-b3b1-199fa6991ad0,species,Animalia,t0027353,Leiognathus equulus,Leiognathus equula
375f0a8b-e8c0-4c43-9db8-3f6b2e77b27c,species,Animalia,t0050833,Epigonus denticulatus,Epigonus fragilis
bb9015f1-beab-489a-ace1-4d84294ef49d,species,Animalia,t0056189,Scolopsis xenochroa,Scolopsis xenochrous
e1c2ea0e-1cd5-4aca-b8ef-59a793511996,species,Animalia,t0031299,Onychostoma barbatulum,Scaphesthes barbatula
cb3461a3-6a9f-451b-9e03-189d80354931,species,Animalia,t0033387,Thryssa chefuensis,Thrissina chefuensis
c026f5c8-76ef-495b-9372-51696f8d9b57,species,Animalia,t0033388,Thryssa dussumieri,Thrissina dussumieri
a49cd266-442a-462b-8a8d-42b6d52486b6,species,Animalia,t0033391,Thryssa setirostris,Thrissina setirostris
f9c16e6d-4c0f-449c-91fd-2ea734148c47,species,Animalia,t0030661,Congriscus megastomus,Congriscus megastoma
4daebf1e-0533-4cce-ac91-682beaecdc20,species,Animalia,t0057120,Laemonema nana,Guttigadus nana
57e59748-b7ca-49f0-826f-37370e3a32f0,species,Animalia,t0028139,Myctophum asperum,Dasyscopelus asper
e7a640ac-e23f-40d5-9f0e-48d50ffe39c6,species,Animalia,t0028140,Myctophum obtusirostre,Dasyscopelus obtusirostris
03cc6c3d-b432-4bcf-b1fa-9a9f852f6fcc,species,Animalia,t0052000,Nannobrachium nigrum,Lampanyctus niger
586aff73-9c95-4e22-9937-84732b793a0f,species,Animalia,t0030384,Chelon affinis,Planiliza affinis
1219cfa8-35d1-4b31-b054-0d23c9caed04,species,Animalia,t0066567,Kerilia jerdonii,Hydrophis jerdonii
465eee4f-f2eb-4dca-ace2-3d7e5be84fa3,species,Animalia,t0083658,Anguis platura,Hydrophis platurus
b71e0364-cb43-4264-9b8e-4c1e001e2201,species,Animalia,t0032102,Praescutata viperina,Hydrophis viperinus
d4a4a2b6-f048-4c30-8c44-1988a7134784,species,Animalia,t0037535,Python reticulatus,Malayopython reticulatus
13e6dd9f-e076-443f-9759-45c36603b087,species,Animalia,t0028061,Mobula birostris,Manta birostris
0949cd09-097b-441d-ba95-4d26344a653f,species,Animalia,t0028060,Mobula alfredi,Manta alfredi
68b9e86e-d9de-4e68-aae4-b3c098edb251,species,Animalia,t0031625,Parmaturus melanobranchus,Dichichthys melanobranchus
afe841ea-276b-45ea-8b57-dc56f812c3ca,species,Animalia,t0096916,Eptesicus pachyomus,Cnephaeus pachyomus
127088ed-624d-415b-805b-42af0057f031,species,Animalia,t0031143,Nidirana okinavana,Nidirana shyhhuangi
6f4a6ba3-c2e3-4f26-b021-04b4c8e941fd,species,Animalia,t0101489,Meretrix meretrix,Meretrix taiwanica
a41809f8-db03-42d1-9935-fd3e1b3b85e6,species,Animalia,t0076318,Bathytormus foveolatus,Crenocrassatella foveolata
14cccbb5-9032-4529-814f-0d547f8f6f9c,species,Animalia,t0078228,Chlamys squamata,Scaeochlamys squamea
ab7d41fa-7bbc-46dd-bee2-79380077f46d,species,Animalia,t0061207,Delectopecten fluctuatus,Ciclopecten fluctuatus
79e47ac2-346f-4b15-b257-33175d4f6861,species,Animalia,t0033010,Spondylus barbatus,Spondylus squamosus
16e52ca3-62df-486e-b34a-c74cda43a10d,species,Animalia,t0066900,Laternula marilina,Exolaternula liautaudi
747e7a6c-d605-438a-beb9-1e27caf02bf9,species,Animalia,t0027333,Laternula attenuata,Exolaternula spengleri
537ffe60-b5f1-4a9c-bfd8-cd77d66bc984,species,Animalia,t0065856,Hormomya mutabilis,Brachidontes mutabilis
9c8f05e8-c2ed-4ac3-b3a6-1dc542dc2263,species,Animalia,t0048881,Xenostrobus atratus,Vignadula mangle
4172b6a1-fcf4-4c9c-80fb-204afd9b225b,species,Animalia,t0096619,Unio douglasiae,Nodularia douglasiae
f9f065dc-5bf0-418d-83d4-d26990d7ffb0,species,Animalia,t0036246,Pliarcularia bellula,Nassarius bellulus
be790daf-24be-4e62-9841-f832cea56f04,species,Animalia,t0038319,Scabricola yokoyamai,Cancilla isabella
43fa9466-6cb2-4097-b0ce-c52936b8a2cc,species,Animalia,t0062129,Drupinia grossularia,Drupina grossularia
fdd16329-c54f-4ffe-a894-ba7c367dafb9,species,Animalia,t0080938,Nass francolina,Nassa francolina
2a8a7a77-1778-4e64-acf5-3a3ca726ec86,species,Animalia,t0096913,Epitonium pallasii,Epitonium pallasi
41752fb1-9278-471d-9e6e-da0f5f2b2b57,species,Animalia,t0076320,Batillaria cumingi,Batillaria cumingii
a8e5f24a-9aba-49f2-bf4f-1a1af8644287,species,Animalia,t0102722,Cerithidea djadjariensis,Pirenella pupiformis
8e379ba3-5d41-4c76-8ea6-93fe6922a66f,species,Animalia,t0027878,Melanoides maculata,Stenomelania macilenta
843cff6c-04d7-4bda-b029-dfba8abeb6a2,species,Animalia,t0080330,Modulus tectum,Indomodulus tectum
899082dc-033d-4c22-a016-731a6bbd7dbe,species,Animalia,t0078321,Chromodoris fidelis,Goniobranchus fidelis
a0b0e896-8b7b-4a4c-b753-5bc231306b3a,species,Animalia,t0078324,Chromodoris kuniei,Goniobranchus kuniei
10634130-462e-45ac-97af-0950e9b51b75,species,Animalia,t0064569,Glossodoris atromarginata,Doriprismatica atromarginata
5d84e000-5f1d-42ed-84bc-356b9b165d29,species,Animalia,t0084026,Phidiana indica,Caloria indica
1745c3cf-4d76-40ce-bcc4-abe875e3a5bf,species,Animalia,t0084262,Phyllidiella granulatus,Phyllidiella granulata
7ce3fccc-fc0f-4e75-9c42-a29059cad517,species,Animalia,t0077686,Cellana eneagona,Cellana enneagona
8e92e329-637d-4b0c-b1e3-9122d7ab9463,species,Animalia,t0065608,Hippeutis umbilicalis,Hippeutis (Helicorbis) umbilicalis
5323e024-890a-4df4-9a4f-2605c8e33d41,species,Animalia,t0065607,Hippeutis carntori,Helicorbis cantori
9238a8f7-483e-44de-a9c5-d1102b9164b0,species,Animalia,t0077639,Caulastrea curvata,Caulastraea curvata
3a8f0183-4d10-440d-97d8-f79e9a75e67f,species,Animalia,t0031320,Ophiocoma pica,Breviturma pica
629b5622-c771-42b5-9ee2-b8b1484366f3,species,Animalia,t0082310,Ophiocoma brevipes,Breviturma brevipes
25e5cecc-117d-4cd3-bfae-677e0db23f1a,species,Animalia,t0031318,Ophiocoma dentata,Breviturma dentata
b962a499-9d45-462d-95b4-2b7d9c234170,species,Animalia,t0076713,Brachylaima tokudae,Brachylaima tokudai
c4beb152-6332-44c0-bef5-b23592ca29e3,species,Animalia,t0067334,Leucochloridium taiwanensis,Leucochloridium taiwanense
fbb8d820-e1bd-4f94-9590-cfcac6c8205e,species,Animalia,t0037609,Raillietina cebelensis,Raillietina celebensis
ad1289fd-65e1-476b-97a9-566eda19e268,species,Animalia,t0046765,Taneia taeniaeformis,Taenia taeniaeformis
ebe594d3-14bc-4528-a538-c8f2c9ad5be7,species,Animalia,t0065957,Hydroides dirampha,Hydroides diramphus
ccaa3503-8c95-4bbd-abde-22401e8c3460,species,Animalia,t0036868,Protula magnifica,Protula bispiralis
b00fcac4-c6f5-4439-9a31-97730c24da06,species,Animalia,t0048152,Trypanosyllis taeniaformis,Trypanosyllis taeniaeformis
7b40eb7c-1780-435d-bccc-a38079dbed31,species,Animalia,t0036479,Pompholys sulcata,Pompholyx sulcata
e07e0a3e-f174-42b4-9b68-3e1d274f7bad,species,Animalia,t0079441,Coryphosmila dolobrata,Coryphosmila dolabrata
051ce713-0e6a-477e-aeb5-b9f6ed351cda,species,Animalia,t0083705,Csikia dimatoides,Penia babai
c0659b0a-f54a-466f-a688-a9548bb3152a,species,Animalia,t0046163,Agoniella sonani,Agonia sonani
7452fcb1-904a-47df-96f2-21e34621e61b,species,Animalia,t0072208,Argopistes coccinelliformis,Argopistes rufus
0b33ce1b-c01a-4c83-8c86-fe8461129d19,species,Animalia,t0078989,Colobaspis elegans,Temnaspis elegans
cf514d91-4390-476f-aaf4-9eb62ccff476,species,Animalia,t0078990,Colobaspis formosana,Temnaspis formosana
5e1ce47c-d55f-4e7a-b207-33db9ba415e3,species,Animalia,t0078991,Colobaspis fraxini,Temnaspis fraxini
fa7ff7ba-a7de-4cb7-8394-4b3bb855e66b,species,Animalia,t0078992,Colobaspis rubi,Temnaspis sauteri
286f6590-8a48-4bf6-a900-73834ce772f7,species,Animalia,t0078994,Colobaspis shirakii,Temnaspis shirakii
3f322a06-6402-4947-b1a6-85967ca3289f,species,Animalia,t0078167,Chirozetes formosanus,Mesochirozetes formosanus
e80714a7-70aa-4df5-b113-554776b130a5,species,Animalia,t0061146,Darumazo distinctus,Aphanerostethus taiwanus
f29c9bed-110b-4845-8ed3-5a05559b67f4,species,Animalia,t0070417,Aeolesthes oenochrous,Hemadius oenochrous
61cb7424-4cdc-438f-8646-0008cbdfc50a,species,Animalia,t0077746,Cephalallus oberthuri,Cephalallus oberthueri
97c8c284-79b4-4793-b4ae-d51d3cc7ea8c,species,Animalia,t0037319,Pterolophia (Pterolophia) variantennalis,Pterolophia variantennalis
5a8ed772-e6c5-4a81-83c3-11fc256ea94e,species,Animalia,t0037316,Pterolophia riantennalis,Pterolophia variantennalis
faf77adf-0add-44ae-9dc2-8c6d6bc1437b,species,Animalia,t0033086,Strangaliella lateristriata,Parastrangalis lateristriata
1e20c24c-355c-46e4-989c-a12bb1c16981,species,Animalia,t0039950,Strangaliella puliensis,Parastrangalis puliensis
61e7d21d-a56d-4b49-b17e-f13c3f5094c0,species,Animalia,t0039951,Strangalomorpha mitonoi,Parastrangalis mitonoi
b0a62517-517c-469d-a30c-d44f7d699eb1,species,Animalia,t0065727,Homalota granigera,Coenonica granigera
a4f93473-9406-445a-91e3-225e6972bed1,species,Animalia,t0076684,Bothrocalvia albolineata,Microcaria albolineata
df0b496d-0a29-4e9a-bb91-44422de32b90,species,Animalia,t0029623,Henosepilachna subfasciata,Epilachna subfasciata
b784d827-6af8-4db1-b337-a2ddf6945358,species,Animalia,t0067033,Lemnia biplagiata,Coelophora biplagiata
9dce97b4-3e4a-4286-a943-dc7b0afef080,species,Animalia,t0067036,Lemnia saucia,Coelophora saucia
772282e8-a75d-474b-b8c1-a08d6a17fdf2,species,Animalia,t0027356,Lemnia circumsta,Phrynocaria circumusta
71f01a4e-cf85-4ab4-8658-bd7ff204c6bd,species,Animalia,t0067035,Lemnia duvauceli,Coelophora duvaucelii
1c9a32e2-e787-486e-a86a-ef3e5f643755,species,Animalia,t0067034,Lemnia circumvelata,Coelophora circumvelata
fb9c012a-a208-417c-82fa-b88f10c3e675,species,Animalia,t0068259,Macrolleis hauseri,Macroailleis hauser
eec240e3-2271-45af-90d0-02feb738b407,species,Animalia,t0084236,Phrynocaria congener,Phrynocaria unicolor
7efbe847-7016-452f-b118-eed31a2847ef,species,Animalia,t0040073,Strongylium scheknlingi,Strongylium schenklingi
730266f1-ab88-48f7-8b8c-cf6b78bb4f02,species,Animalia,t0076554,Blitopertha polyanor,Anomala polyanor
fffc00b2-1c95-4625-8e9d-271f7bc48b1b,species,Animalia,t0099021,Synapsis davidi,Synapsis davidis
34bc3db2-9516-428d-bb99-1c36271699b5,species,Animalia,t0102410,Cyclommatus scutellaris,Cyclommatinus scutellaris
6ee5b743-8fff-4634-b59f-93e485e0eec7,species,Animalia,t0061970,Dorcus taiwanicus,Velutinodorcus taiwanicus
b4d16ec5-28f7-4902-86ad-38b567fedd61,species,Animalia,t0028709,Dorcus carinulatus,Velutinodorcus carinulatus
4d55b92e-747b-4c09-a601-781eedebc79d,species,Animalia,t0028711,Dorcus kyanrauensis,Serrognathus kyanrauensis
37e20424-7254-48ad-8d89-cb7c91e27eee,species,Animalia,t0061969,Dorcus parvulus,Metallactulus parvulus
8f1de207-2ccb-4db1-81d6-236ee8486ab2,species,Animalia,t0102459,Dorcus titanus,Serrognathus titanus
4856b50e-6410-49e1-8478-7070c3ae4301,species,Animalia,t0068015,Lucanus kurosawai,Lucanus chuyunshanus
c143d773-9d86-4bdd-8cec-d14cbaf22e2d,species,Animalia,t0096537,Neolucanus maxinus,Neolucanus maximus
bcd64b50-db11-4e0e-81ef-e2a9bf1ce17c,species,Animalia,t0081611,Nigidius fromosanus,Nigidius formosanus
62ca0809-2aea-4f80-9f68-1579f95bd825,species,Animalia,t0033290,Teneropsis lividipenne,Teneropsis formosanum
fcd27be9-cf19-4417-ad2b-5589a9afd1ee,species,Animalia,t0033290,Teneropsis mundum,Teneropsis formosanum
f06530ae-e1a0-4c63-a2b3-96374de38347,species,Animalia,t0037880,Rhynchophorus ferugineus,Rhynchophorus ferrugineus
1a0097e7-5783-4537-bc6b-56cfe923dfda,species,Animalia,t0031280,Anthicus floralis,Omonadus floralis
a1bd50e0-3455-4f17-bbbe-a17538a6f2ff,species,Animalia,t0047908,Trigonodera tokejii,Pelecotoides tokejii
338da9f7-7478-479d-bac2-e24a4efaffd1,species,Animalia,t0048121,Trox formosanus,Glyptotrox formosanus
979317bf-c2fd-4cf3-b97c-418e76228749,species,Animalia,t0048122,Trox taiwanus,Glyptotrox taiwanus
ed4ab023-c30d-4d4a-9f62-c2ae49d3dba0,species,Animalia,t0048123,Trox tibialis,Glyptotrox tibialis
7cc72108-0dcf-49f3-8a97-23bca7d85ad9,species,Animalia,t0048124,Trox yangi,Glyptotrox yangi
ae1bfd81-8f34-4dd7-b383-4d78ae7c473e,species,Animalia,t0056086,Rhynchaglaea leuteomixta,Rhynchaglaea luteomixta
01044a3e-1e17-4659-a198-1df4935ca379,species,Animalia,t0029680,Hilarographa mesostigmatias,Thaumatographa mesostigmatias
56e5eabe-dba8-49b0-ba9d-e1780cd3673c,species,Animalia,t0049821,Aroa substrigosa,Pantana substrigosa
43c71104-de31-422e-a57d-9846e91636f0,species,Animalia,t0027798,Matsumursine horishanella,Asura horishanella
1541e746-602f-45d5-a2fa-0fbf84a1c1ae,species,Animalia,t0050759,Eilema tricolor,Teulisna tricolor
7d0a9704-af03-443f-a73d-a41cc6659a34,species,Animalia,t0028254,Nechesia albodentata,Nechesia albotentata
4f3c293d-6231-4391-bc9f-def27441ec21,species,Animalia,t0052511,Pericyma basalis,Pericyma subbasalis
1adaa42a-2001-4425-8269-c1e3e40020ae,species,Animalia,t0049561,Agalope pica,Paragalope pica
6cf358a1-486c-456a-bcbe-dbd9f7285b4c,species,Animalia,t0049562,Agalope trimacula,Paragalope trimacula
8fcc942f-06a6-4da8-ad48-f2750a3d050d,species,Animalia,t0049563,Agalope wangi,Paragalope wangi
9400e377-72df-4be7-b36e-ff140fb87410,species,Animalia,t0056777,Zeuxippa formosa,Artona formosa
c0cc008c-0731-4f01-bb77-0c8c140e7f48,species,Animalia,t0049928,Balataea taiwana,Artona taiwana
299d2fe6-5e77-4682-a07d-dde28e0138dd,species,Animalia,t0029248,Fuscartona martini,Artona martini
26e98a5d-6b67-4c39-b09a-4961522713c4,species,Animalia,t0055866,Pollanista inconspicua,Inope inconspicua
fdb8a78c-686f-4b8f-81ef-1ec9c3648ed9,species,Animalia,t0050432,Conobathra aphidivora,Dipha aphidivora
22ba1a37-44c7-4f83-a5da-2855839f65c4,species,Animalia,t0050906,Etiella zinchenella,Etiella zinckenella
72f0125c-34ec-49b5-a64f-fc1aceb16c54,species,Animalia,t0049580,Agrotera leucostola,Leucinodella leucostola
011f186b-e4d8-4eae-8b2b-189ca1d157a5,species,Animalia,t0049676,Analthes taihokualis,Nosophora taihokualis
61511e0f-d56b-405c-a7b9-0d8cfd13f319,species,Animalia,t0050925,Euchromius lushanus,Miyakea lushanus
8e5475fa-cb20-4058-8188-371245b28383,species,Animalia,t0029359,Glyphodes onychinalis,Chabulina onychinalis
57f06f39-b309-48e7-b2fe-703ff931b26d,species,Animalia,t0056267,Sinibotys habisalis,Nephelobotys habisalis
d3b7b49b-48be-4b48-b4b5-0df7ea7e0762,species,Animalia,t0056276,Sisyrophora pfeifferae,Cydalima pfeifferae
30655fe3-fb46-45a5-9515-d50771fcef1b,species,Animalia,t0033443,Torulisquama evenoralis,Nephelobotys evenoralis
3bc12ebd-76d2-4f61-b263-80e46d5d0a1d,species,Animalia,t0027884,Cryptolechia argometra,Meleonoma argometra
73c44afd-6e22-4362-9aca-c3862f1f7cde,species,Animalia,t0050571,Deuterocopus lophopteryx,Deuterocopus melanota
98f5e734-d268-42fd-8242-07aaabd4d3bc,species,Animalia,t0055831,Platyptilia shirozui,Amblyptilia shirozui
c6f6327d-d4c1-40d6-8ce8-2e9634e797be,species,Animalia,t0032307,Pseudoxyroptilatila oenophanes,Xyroptila oenophanes
516e8fa1-1bc5-43b5-9cbf-d35ebcbf968c,species,Animalia,t0031219,Ochlodes niitakana,Ochlodes niitakanus
335a6170-fe19-4351-a93f-dd4679713387,species,Animalia,t0031627,Parnara guttatus,Parnara guttata
fbe1ac89-a7ba-43ab-84bb-3ac4c34536c5,species,Animalia,t0032631,Satyrium austrinus,Satyrium austrinum
d5c65d0f-b72a-42d8-a942-0e9efddc97d7,species,Animalia,t0052337,Palionebris bacteriota,Trachydora bacteriota
51e5c171-4682-499f-ae59-c2ba93bb0d22,species,Animalia,t0049881,Atrophaneura horishanus,Atrophaneura horishana
63bcf96c-0d15-4bc2-b69f-d24ebeaab394,species,Animalia,t0051186,Glyphipterix rekoae,Glyphipterix reikoae
1f3f9d76-b7d5-4f35-b808-2c5c4f438aab,species,Animalia,t0050548,Dacrypohanes cyanastra,Dacryphanes cyanastra
3ff05c47-c046-48e1-bee5-d786aec88eb1,species,Animalia,t0033527,Acia exsultans,Helionides exsultans
0f748589-26a6-4fb4-80bd-4d9ad57c4d45,species,Animalia,t0028633,Bambusananus binotatus,Bambusananus lii
965fd237-715c-4827-9ee5-1dd214ea2c14,species,Animalia,t0028634,Bicoloratum pingtungisis,Scaphoideus pingtungisis
787738c7-1297-480d-8a95-6686384c1084,species,Animalia,t0062533,Empoasca onukii,Matsumurasca onukii
a24f26b9-6acb-4054-b453-c1b89e8d08db,species,Animalia,t0066540,Katachiota scottia,Karachiota scottia
44e5d810-c427-4e2d-9108-777bd86d68dc,species,Animalia,t0068314,Macrosteles orientalis,Macrosteles striifrons
acad3e7f-0ad4-4923-b067-95ecd174e6f3,species,Animalia,t0028635,Nesophrosyne orientalis,Orosius orientalis
c33377b4-e1b0-49d6-bbe8-92998022b948,species,Animalia,t0028645,Tautomeura diasonica,Tautoneura diasonica
8cb3c793-2869-4420-8ce0-9fc45d48547b,species,Animalia,t0101342,Tettigella formosana,Bothrogonia formosana
bc5b7480-2e8a-42df-9e75-11ee2debfd42,species,Animalia,t0101911,Tettigella hoozanensis,Kolla hoozanensis
753d1a23-55e4-491d-ab17-e017e11c40bb,species,Animalia,t0047155,Tettigella pallidiola,Cicadella pallidiola
655c0dc8-9d07-455b-abdc-028a00a12d33,species,Animalia,t0047156,Tettigella rubropunctata,Cicadella rubropunctata
aa44d0ce-32e6-42b2-b4b4-b63248f2a0a8,species,Animalia,t0047157,Tettigella suisharyoensis,Cicadella suisharyoensis
917d93eb-bf0d-409d-a695-2638e0dd5b74,species,Animalia,t0027070,Tettigonia hopponis,Anatkina hopponis
fe22718c-e1c9-4a2c-9978-2b9eb908c56a,species,Animalia,t0027071,Tettigonia horishana,Anatkina horishana
4ad2592f-600e-40c0-99cd-eaae17b31257,species,Animalia,t0027072,Tettigonia rinkihonis,Atkinsoniella rinkihonis
7b260341-b280-4152-a749-c96c2ce1ff61,species,Animalia,t0027082,Tettigonia semiglauca,Kolla atramentaria
3c66d8bf-d71f-4b5d-bb86-67b987af9517,species,Animalia,t0027078,Tettigonia subvirescens,Cofana subvirescens
2e939325-a6cd-4a2a-becd-ee6cece2419b,species,Animalia,t0048305,Typhlocyba quadri,Typhlocyba quadriappendicula
18ae7578-b95c-484a-94d1-89abd5607377,species,Animalia,t0028648,Zygina (Zygina) bisignatella,Empoascanara bisignatella
da5a8bab-8e2d-40d7-a089-f568e10914ef,species,Animalia,t0072048,Apolygus fuhoshoensis,Apolygopsis fuhoshoensis
63b73c1e-6dff-462b-90c9-173b75530148,species,Animalia,t0072047,Apolygus eous,Apolygopsis eoa
413287d3-b841-4160-aad8-2fab6076124d,species,Animalia,t0063527,Eurystylomorpha crassicornis,Eurystylopsis crassicornis
31f0009a-6fd2-40de-ad21-25b004aaa024,species,Animalia,t0068650,Megacoelum minutum,Adelphocorisella minutum
aee01a87-3918-4ee2-85d8-fa1db8a60d34,species,Animalia,t0081265,Neolygus v-nigrum,Neolygus v-nigrus
030412b1-daab-42b7-83ad-af552f117586,species,Animalia,t0081260,Neolygus bui,Miyamotolygus bui
95c55112-c96b-4887-a598-62c7e6d2a1c8,species,Animalia,t0036756,Prolygus niger,Apolygopsis nigra
ced81554-d6ea-4e59-ac6f-32f7c8eaba3b,species,Animalia,t0047412,Tinginotopsis formosanum,Tinginotum formosanum
73dc771a-08b5-4c73-a614-280c6df4b63b,species,Animalia,t0070119,Aconura biglumis,Changwhania biglumis
d74b5d76-ee61-4c78-a4fc-bf0bc7bb01af,species,Animalia,t0070120,Aconura bipunctella,Stirellus indrus
9eabc701-c0e0-4e8f-9f4e-f05753eda713,species,Animalia,t0099771,Aconura breviceps,Stirellus breviceps
6de875fd-0fb1-4ffa-8153-710613f40a87,species,Animalia,t0070122,Aconura grandis,Stirellus grandis
77b0612d-23b0-4cbb-b7f9-073465c085bc,species,Animalia,t0070123,Aconura producta,Stirellus productus
9732bedb-686d-4d63-be14-f1dc40a20bd1,species,Animalia,t0070124,Aconura rubuofasciata,Stirellus rubrolineatus
67e60f59-a220-4836-acdf-290495d2f9d2,species,Animalia,t0099772,Aconura diminuta,Doratulina diminuta
7e7b3556-88e8-4084-9137-55b65141388a,species,Animalia,t0076180,Balclutha akonis,Balclutha incisa
8b4c13a4-5339-4ccc-ac70-5baf25a70f38,species,Animalia,t0076184,Balclutha orientalis,Balclutha frontalis
d89dc682-0da3-4711-a563-3bab449648dd,species,Animalia,t0076184,Balclutha pallidula,Balclutha frontalis
9f3739f6-2360-4010-b142-dc29bbd5a801,species,Animalia,t0076189,Balclutha smaragdula,Balclutha thea
737b1253-e478-4c6b-b6d1-9e0a2ee6b7d7,species,Animalia,t0078458,Cicadula bipunctella,Cicadulina bipunctata
411f2178-282a-4444-9ec5-bf46ed29f41c,species,Animalia,t0061224,Deltocephalus formosanus,Futasujinus candidus
a5512012-d4c3-4997-87c5-c5c7ba5526a2,species,Animalia,t0061226,Deltocephalus maritimus,Takagiella tezuyae
c7cf65c8-56b3-4fb1-b6b3-96bef4757345,species,Animalia,t0061966,Doratulina orientalis,Aconurella prolixa
098bf377-4cab-4977-bbf6-40566f06cce5,species,Animalia,t0028635,Eutettix orientalis,Orosius orientalis
bc7da648-0a91-44c1-ad90-4bc7000394b4,species,Animalia,t0104534,Exitianus simillimus,Exitianus nanus
03cdad10-c3b1-4bdb-86e9-967473eb9c16,species,Animalia,t0065650,Hishimonus disciguttus,Hishimonus sellatus
a7d1c945-d285-4e66-a9be-8592d2e6e972,species,Animalia,t0066263,Inemadara oryzae,Maiestas oryzae
c753d7dd-f729-44eb-97de-9c9472cf2fd6,species,Animalia,t0066330,Irinula erythrocephala,Nesoclutha erythrocephala
6a624dff-35a0-49eb-b467-9fd83c77b7c3,species,Animalia,t0068877,Melichariella formosana,Carvaka formosana
3258fd6f-df10-4e04-a00c-f1efdc6729d6,species,Animalia,t0069423,Mimotettix kawamurae,Mimotettix alboguttulatus
f487efbf-b523-40ed-8ed0-f6d3c71276fc,species,Animalia,t0083232,Paramesodes albinervosa,Paramesodes albinervosus
f4124ca0-f812-41bc-a298-d85a5d8ac657,species,Animalia,t0083234,Paramesus lineaticollis,Paramesodes lineaticollis
0bc1c5a5-48b2-42ef-ade1-9c095b4034ea,species,Animalia,t0084148,Phlepsius guttatus,Parallygus guttatus
e678220e-3bd9-4f49-9e9e-cdfb924b613c,species,Animalia,t0036904,Psammotettix striatus,Psammotettix alienus
ba2c31ee-87b9-4d98-a131-a9da4ae2df52,species,Animalia,t0037431,Purpuranus rubrostriatus,Varta rubrostriata
a37370cf-2cdb-4776-ab72-de37e3732012,species,Animalia,t0047216,Thamnotettix formosanus,Alishania formosana
6bfd363a-cb45-4299-9e87-48c716e5ebe3,species,Animalia,t0047217,Thamnotettix hokutonis,Peitouellus hokutonis
690abaa8-a40d-475d-bcb7-e59126d9dd8b,species,Animalia,t0047218,Thamnotettix hopponis,Maiestas hopponis
74956bb6-69d4-4241-856b-2b7fbf69dad7,species,Animalia,t0047219,Thamnotettix koshunensis,Hengchunia koshunensis
e7ae91ad-13a9-4f2b-9a36-ca4324575d3c,species,Animalia,t0047222,Thamnotettix wanrianus,Wanritettix wanrianus
9da421e4-f5f6-482b-8ad4-9def24920b22,species,Animalia,t0082975,Thomsoniella concentralis,Linnavuoriella arcuata
115f449e-dd4b-46c5-84d3-bd765629e367,species,Animalia,t0047301,Thomsoniella porrecta,Thomsonia porrecta
95c35dcf-8a13-4053-841e-820721072b4a,species,Animalia,t0047509,Togacephalus botelensis,Maiestas botelensis
aeca382c-a1c0-4169-a551-86e517c312bf,species,Animalia,t0047510,Togacephalus distinctus,Maiestas distincta
38ce6410-d6ed-43bf-9445-cb908872eb1a,species,Animalia,t0047511,Togacephalus formosiellus,Maiestas formosiella
62673f83-c079-433e-973e-099eb7a08160,species,Animalia,t0047512,Togacephalus jamiensis,Maiestas jamiensis
764f4704-1aa6-4888-8f4d-0a4d572e5fe5,species,Animalia,t0062998,Epotiocerus flexuosus,Robigus flexuosus
f43c10e6-7790-4ce2-acb7-60ac4ef8c1d9,species,Animalia,t0047728,Triantennaria distylia,Tripartita formosana
c5ae4812-bace-4be9-9dd4-b19d6ff0215c,species,Animalia,t0082097,Oliarus formosanus,Siniarus formosanus
5b733cfc-1ac8-4a33-9c0a-9ce015aa12b1,species,Animalia,t0082099,Oliarus horishanus,Atretus harishanus
a2e49a27-85b1-4fae-ad16-c703120d446d,species,Animalia,t0082098,Oliarus hopponis,Arosinus hopponis
8c2300c6-6bfd-4364-afd1-c638c6e2aa02,species,Animalia,t0082100,Oliarus hsui,Atretus hsui
64b727f8-7661-402c-a2dc-07d1da386997,species,Animalia,t0082101,Oliarus oryzae,Oteana oryzae
a34edf23-2b54-4fa0-b48e-b201528fc5cf,species,Animalia,t0082102,Oliarus scalenus,Siniarus scalenus
73d4019a-1044-403b-a40e-f9661ca8620f,species,Animalia,t0082103,Oliarus shiaoi,Atretus shiaoi
d32539a6-df57-4c4e-af33-72ba65a87537,species,Animalia,t0082106,Oliarus velox,Arosinus velox
01007098-6ad3-48fe-82ea-4c5f18d82bd4,species,Animalia,t0082107,Oliarus yangi,Atretus yangi
4827564f-85e6-4479-a7c3-70c01b3300f8,species,Animalia,t0084251,Geisha mariginellus,Phylliana alba
9345cdf5-b5e4-4a33-98d7-32cc5526bf5a,species,Animalia,t0083870,Petalolyma fujianensis,Petalolyma castanopsis
78bc04e6-9312-4769-9ff8-b4e3c5d2435a,species,Animalia,t0047808,Trichochermes hyalina,Petalolyma hyalina
37ef6410-27e0-40f0-a208-d5b64effea89,species,Animalia,t0082084,Okiscarta kotoensis,Cosmoscarta uchidae
ef38ea03-ee02-4099-919f-2656fb32138d,species,Animalia,t0028210,Nacolus assamensis,Nacolus tuberculatus
85fa0ee2-33e2-4075-ae68-a33868e0a2cf,species,Animalia,t0028210,Nacolus gavialis,Nacolus tuberculatus
3e86ea50-bcd7-4973-a1cf-c5a0d7a28482,species,Animalia,t0036096,Platypleura kaempferi,Planopleura kaempferi
9aa0f6f6-1bfa-4a9f-a415-16dd03b0fbad,species,Animalia,t0036097,Platypleura takasagona,Planopleura takasagona
ef869254-4823-4e74-970d-784e3a9f3ac5,species,Animalia,t0099186,Epiclinata planata,Tituria planata
d784785a-ee47-4b59-86e1-d420279d1d94,species,Animalia,t0028638,Evacanthus formosanus,Onukiades formosanus
894aadc7-15c2-49f6-b8fe-c8938bd2dba1,species,Animalia,t0028639,Onukia arisana,Paraonukia arisana
d43e4e03-f8b0-4103-92ce-23841f9f46a9,species,Animalia,t0028640,Onukia flavifrons,Taperus flavifrons
182ef78f-52c7-48cb-839b-3f5628633780,species,Animalia,t0028643,Onukia flavimacula,Bentus flavomaculatus
c863b4d9-8c0d-4a5e-87c2-5bb343601fb4,species,Animalia,t0065221,Hecalus formosanus,Glossocratus formosanus
d31c2e13-18eb-4334-b77a-bb834b3d5e32,species,Animalia,t0065222,Hecalus lefroyi,Glossocratus lefroyi
54af3d89-5d30-41a8-9e21-35576a1d5bde,species,Animalia,t0082975,Parabolocratus concentricus,Linnavuoriella arcuata
415052f3-304c-4334-9aaa-982c6598f37f,species,Animalia,t0082976,Parabolocratus nitobei,Thomsonia nitobei
9990e904-7209-49ed-9f6c-f8c3eef42656,species,Animalia,t0082977,Parabolocratus okinawensis,Hecalus okinawensis
ba62f481-bc8b-4908-8e2c-8865e164eca5,species,Animalia,t0082978,Parabolocratus taiwanus,Hecalus wallengrenii
74495e21-f13e-44d0-b4b7-763ef449c0ad,species,Animalia,t0027914,Moonia guttulinervis,Mesoparopia guttulinervis
4fb50ef1-2e6d-4039-8909-cb3f87d9f4fa,species,Animalia,t0027915,Moonia lata,Mesoparopia lata
0785ad7e-f3ba-4254-b94e-03d2aaee27f8,species,Animalia,t0028641,Nirvana orientalis,Sophonia orientalis
7ca55d33-ee29-44ca-84d2-01de452cca2c,species,Animalia,t0039647,Stenometopius formosanus,Hodoedocus formosanus
d37123df-830d-409f-9c72-2ba2cf03c808,species,Animalia,t0083737,Penthimia theae,Chanohirata theae
a3563d82-590e-48d3-a8f1-18d79604f9d9,species,Animalia,t0076750,Bracon hispae,Scutibracon hispae
e45458af-9e01-42b3-8dc0-22ae8c381b10,species,Animalia,t0038117,Saphonecrus lithocarpii,Saphonecrus taiwanensis
8072fd25-ccb2-486e-b5f3-f2c2914cb3aa,species,Animalia,t0070377,Aedes (Neomelaniconion) lineatopennis,Neomelaniconion lineatopenne
9f9ae253-2519-40b3-8da2-6f10cab00d67,species,Animalia,t0102400,Aedes (Scutomyia) albolineatus,Scutomyia albolineata
e7faccf6-510b-4d58-8fd1-e92241cf6b5d,species,Animalia,t0070375,Aedes (Stegomyia) albopictus,Stegomyia albopicta
af1f784a-8810-41c8-804c-ab1995500f10,species,Animalia,t0070378,Aedes (Stegomyia) malikuli,Stegomyia malikuli
821d19cc-41c9-43f1-82f5-e459b359dbeb,species,Animalia,t0081937,Ochlerotatus (Finlaya) sinensis,Downsiomyia sinensis
6d246d96-0d39-4dd7-b465-1939c56361a1,species,Animalia,t0035993,Platycherius formosanus,Platycheirus formosanus
4150a3f5-6e09-4b45-a46a-1704a84ba381,species,Animalia,t0079812,Culicoides (Beltranmyia) arakawai,Culicoides arakawae
ec80a4fa-60c2-437f-bc82-59440f634173,species,Animalia,t0063975,Forcipomyia propoia,Forcipomyia propria
e9d7a4a9-28d8-4462-8912-2786ea3215c8,species,Animalia,t0071199,Amobina distorta,Amobia oculata
d3d012a0-e28e-4e8f-bd20-575de93b437f,species,Animalia,t0065170,Harpagophalla phoenicopterus,Seniorwhitea phoenicopterus
9d3cd7a3-9eeb-4365-8031-665c8ad11b7f,species,Animalia,t0069183,Metopia instruens,Metopia argentata
0bf4773f-e79d-448b-9f19-39bb5d822d1c,species,Animalia,t0032587,Sarcophaga albiceps,Parasarcophaga albiceps
38ca38ee-5a4f-4f55-b8ae-57ea59dce4be,species,Animalia,t0038168,Sarcophaga anchoriformes,Robineauella anchoriformis
9ebf7a69-c897-44b6-888f-374567ec67a8,species,Animalia,t0038169,Sarcophaga antilope,Sarcorohdendorfia antilope
3bd77c17-0f6c-496b-85d0-09558c229909,species,Animalia,t0038170,Sarcophaga basiseta,Hoa basiseta
d581d404-8104-4ad2-b77f-c15a003adc49,species,Animalia,t0038171,Sarcophaga beesoni,Lioproctia beesoni
afc0b6e2-ec38-4598-b347-30f696c8d5b5,species,Animalia,t0038172,Sarcophaga breicornis,Liosarcophaga kohla
f9d12da3-874f-4926-bf71-25f7c7494673,species,Animalia,t0038173,Sarcophaga calicifera,Asceloctella calicifera
1410098f-4af4-4cba-9fae-a45f0abe479d,species,Animalia,t0038174,Sarcophaga caudagalli,Pseudothyrsocnema caudagalli
cc113da1-63fb-459c-a17f-8baad50dd603,species,Animalia,t0038176,Sarcophaga concreata,Parasarcophaga concreata
b01f0eb6-b917-40d4-993e-898e072d84b1,species,Animalia,t0032588,Sarcophaga crinita,Sarcosolomonia crinita
52fab617-1cac-4ca4-af6d-0d496e2efafb,species,Animalia,t0032589,Sarcophaga dux,Liosarcophaga dux
2ef88e11-0c91-41a4-a56d-9cf82ab5df60,species,Animalia,t0038177,Sarcophaga fenchihuensis,Sugiyamamyia fenchihuensis
abd46257-4ac7-469b-b1f5-f808b886b9bf,species,Animalia,t0038178,Sarcophaga formosensis,Boettcherisca formosensis
8d139a43-4d0f-4a46-859c-b082ceac7faa,species,Animalia,t0038179,Sarcophaga gracilior,Sarcorohdendorfia gracilior
cb595dfe-98ad-45a0-be1e-5b011a4f8589,species,Animalia,t0038180,Sarcophaga gravelyi,Phallosphaera gravelyi
f77e3ff4-174e-4389-b227-64b1a3ca22c4,species,Animalia,t0038181,Sarcophaga hainanensis,Parasarcophaga hainanensis
78d9562b-bc01-47bf-8fe6-2d3890150b54,species,Animalia,t0038182,Sarcophaga hervebazini,Parasarcophaga hervebazini
ab79e586-2b3f-4943-8d2e-d6450bcbe587,species,Animalia,t0038183,Sarcophaga idmais,Liosarcophaga idmais
7908aa41-113f-4726-8c26-bf754436d442,species,Animalia,t0038185,Sarcophaga iwuensis,Liosarcophaga iwuensis
db6edce1-b115-41f4-8926-c44c25c14247,species,Animalia,t0032590,Sarcophaga josephi,Bellieriomima josephi
35dec07f-a285-49a7-aa62-742ce3bddd14,species,Animalia,t0038186,Sarcophaga krameri,Seniorwhitea princeps
4c72dd87-228d-4a0f-a41f-8f4b91b88606,species,Animalia,t0038187,Sarcophaga lini,Myorhina lini
1f28d994-f9d3-45c1-880b-ee70a5b6c9aa,species,Animalia,t0038188,Sarcophaga melanura,Helicophagella melanura
c77e54f0-0096-4df6-b512-71aa78f50116,species,Animalia,t0038189,Sarcophaga membranocorporis,Membranophalla membranocorporis
85fcba59-9ab8-48f5-868d-bde02d219e47,species,Animalia,t0032591,Sarcophaga misera,Parasarcophaga misera
976f2845-9e98-4b8f-a4ab-62f1b71d1735,species,Animalia,t0038190,Sarcophaga nigribasicosta,Dinemomyia nigribasicosta
89c8c7b0-8d45-44fe-862b-920c875c2664,species,Animalia,t0038192,Sarcophaga ostindicae,Fengia ostindicae
421622d4-b112-4fb0-ae8b-94340f22ba5e,species,Animalia,t0038193,Sarcophaga pattoni,Lioproctia pattoni
000ecdb8-04b3-4722-96ca-a8b39c06145b,species,Animalia,t0032592,Sarcophaga peregrina,Boettcherisca peregrina
2061701a-6969-4f14-91ad-8623c56ec05f,species,Animalia,t0038194,Sarcophaga prosbaliina,Parathyrsocnema prosballiina
11b6fa1b-3b81-47c4-8964-d727cfef32c7,species,Animalia,t0032593,Sarcophaga ruficornis,Liopygia ruficornis
f188f9a8-7867-4ea5-a6f4-5695bf0a4bad,species,Animalia,t0038195,Sarcophaga schuetzei,Kramerea schuetzei
02f198c8-3792-47de-bac3-163a291cad59,species,Animalia,t0038196,Sarcophaga scopariiformes,Liosarcophaga scopariiformis
eccb53e6-1105-419e-8064-75f50c927f19,species,Animalia,t0032594,Sarcophaga sericea,Parasarcophaga taenionota
2905cb15-e4ca-40ac-9e72-5b41423c65c7,species,Animalia,t0032595,Sarcophaga serrata,Hosarcophaga serrata
54d75cb7-0909-42b8-b0d9-833b02c981e2,species,Animalia,t0038197,Sarcophaga taiwanensis,Johnstonimyia taiwanensis
7ec32710-dec9-48b7-beee-ae9841b6b705,species,Animalia,t0038198,Sarcophaga tristylata,Liosarcophaga tristylata
79782ffc-7366-4c72-84b3-f1cdcec4f657,species,Animalia,t0038199,Sarcophaga tsengi,Sugiyamamyia tsengi
ab2c9f79-e769-4ce4-90e8-0ed9999b2ac4,species,Animalia,t0038200,Sarcophaga tuberosa,Liosarcophaga tuberosa
345d3787-04dc-45f7-837d-78486decfd03,species,Animalia,t0046488,Synthesionyia nudiseta,Synthesiomyia nudiseta
8d3fae1d-f6f4-4f84-86f9-c03465f3d76d,species,Animalia,t0061893,Dolichopeza gracillis,Dolichopeza gracilis
3281eb02-c6d5-4c2a-ac76-b21a50fa277b,species,Animalia,t0047488,Tipula ruformedia,Tipula rufomedia
86644044-f2b3-41f6-9c4b-2005408cdfe4,species,Animalia,t0083930,Phalacrotophora (Omapanta) quardrimaculata,Phalacrotophora quadrimaculata
45e2d73a-2c32-4a7f-b17a-c284615c4428,species,Animalia,t0083929,Phalacrotophora (Phalacrotophora) puncifrons,Phalacrotophora punctifrons
aea48a10-d211-48bd-83f1-1e5b5279274f,species,Animalia,t0040039,Stronglyophthalmyia immaculata,Strongylophthalmyia immaculata
1fd59c1b-1238-4d4c-a95a-8d4b753d9967,species,Animalia,t0057882,Baliga sagax,Baliga brunneipennis
feb03584-a022-408d-8519-ce0326fb36c2,species,Animalia,t0080831,Myrmeleon formicalynx,Myrmeleon wangi
3259db88-c351-4444-a86e-376377a14943,species,Animalia,t0065582,Hierodula (Hierodula) bipapilla,Hierodula patellifera
522b1e41-6387-42c8-b0bd-08f6bd8d6a7f,species,Animalia,t0065582,Hierodula (Hierodula) patellifera,Hierodula patellifera
7fd50064-3e01-4218-8b40-15e33366c525,species,Animalia,t0065582,Hierodula (Hierodula) saussurei,Hierodula patellifera
ea690096-135f-4aa5-93c0-d7eece999c7b,species,Animalia,t0031883,Phyllothelys cornutum,Phyllothelys cornutus
825b3200-e440-49a8-96f0-2b6deda54061,species,Animalia,t0070472,Agapetus japonicus,Agapetus sibiricus
c64081d6-adea-4618-b702-68a72353d8b1,species,Animalia,t0080850,Mystacides dentatus,Mystacides dentata
f6717853-6d31-444b-a2c6-3e0084ac4212,species,Animalia,t0080851,Mystacides elongatus,Mystacides elongata
d7634073-f83e-4e3c-8844-8cd69ed44398,species,Animalia,t0082015,Oecetis evigra,Oecetis evirga
64251a1c-581f-48e4-8650-d917c0ba3d15,species,Animalia,t0082017,Oecetis prolixus,Oecetis prolixa
d28dcf2c-e59f-439c-939d-298753abab7f,species,Animalia,t0078100,Cheumatopsyche wuchidai,Cheumatopsyche uchidai
1f854b1d-082f-43c3-bd72-be668151b936,species,Animalia,t0065958,Hydromanicus wulaina,Hydromanicus wulaiana
042ddad2-58a1-42e6-a080-0cf42e9822ea,species,Animalia,t0061939,Dolophilodes minchiensis,Kisaura minchiensis
1e99aba6-f5f4-44b2-8d13-57da69c11c71,species,Animalia,t0061624,Dinarthrum taiwanense,Lepidostoma taiwanense
5c0cfe57-188f-4977-b88c-f80835280dc7,species,Animalia,t0064701,Goerodes doligung,Lepidostoma doligung
9b736c96-e53c-4b4f-9f58-ab751a821909,species,Animalia,t0064702,Goerodes ebenacanthus,Lepidostoma ebenacanthus
0faa7979-354e-4197-badc-cc4fe099d366,species,Animalia,t0064703,Goerodes quadrispinus,Lepidostoma quadrispinus
e9a32122-7544-4561-a975-895feb234b8b,species,Animalia,t0064704,Goerodes taichungensis,Lepidostoma taichungensis
5632db95-ea56-448c-a5c3-958e0b1aa734,species,Animalia,t0064705,Goerodes tanmounensis,Lepidostoma tanmounensis
f7d445f4-b708-4e67-9d6e-d052405bbbc4,species,Animalia,t0064706,Goerodes weirjinensis,Lepidostoma weirjinensis
a11c2482-f044-4bcd-8941-ab7749e8a616,species,Animalia,t0064475,Gibosia lucida,Flavoperla lucida
3ea73087-38d8-4418-b5af-ec499e10cf05,species,Animalia,t0063570,Euscyrtus ogatai,Euscyrtodes ogatai
6c5606a4-79d3-4557-b862-c4db38ddc623,species,Animalia,t0069464,Mitius blennus,Stephoblemmus minor
8b187740-91ef-45ed-b143-b98ae1653d04,species,Animalia,t0069465,Mitius minutulus,Stephoblemmus minutulus
141722fa-203d-445b-b184-70c1aa11caa6,species,Animalia,t0069466,Mitius splendens,Stephoblemmus minor
bb72f03f-de08-441b-8756-a772bd23a3db,species,Animalia,t0048577,Velarifictorus koshunensis,Turanogryllus koshunensis
3d403f02-11f9-4acf-8f43-5bad7dd26021,species,Animalia,t0081019,Neanias magnus,Metriogryllacris magna
d41f296c-4dd8-4112-bddd-378dec4d9ee4,species,Animalia,t0084233,Phryganogryllacris subrectis,Bicornisgryllacris subrectis
d7e85775-9361-4644-91ea-6bd641292cf2,species,Animalia,t0029608,Sorineuchora formosana,Episorineuchora formosana
2312454a-6030-4f25-b1dc-52bb19a83a9c,species,Animalia,t0031741,Periplaneta australasiae,Validiblatta australasiae
e05fbebd-6c01-48ed-9871-493343cffc17,species,Animalia,t0031742,Periplaneta brunnea,Validiblatta brunnea
19954dd6-7ef4-41ab-88de-5e32be57e215,species,Animalia,t0046274,Periplaneta fuliginosa,Validiblatta fuliginosa
34624f66-bf4d-44f8-9c3e-c62e035a1136,species,Animalia,t0031743,Periplaneta karnyi,Hobbitoblatta karnyi
25a7a78f-e70b-4da8-9c9e-ef7cc325d8af,species,Animalia,t0103436,Periplaneta svenhedini,Arcicaulis svenhedini
471cc9d4-ab8c-4ab7-99b9-a82890525aa8,species,Animalia,t0032821,Shelfordina flavomarginata,Phyllodromia flavomarginata
8ab3d015-a95a-4f85-99e0-f211295b0a9a,species,Animalia,t0031061,Neopanorpa ophthalmica,Panorpa ophthalmica
b8225fa5-fcb4-4c0a-ad3e-7b71504aa3bd,species,Animalia,t0081308,Neopanorpa similis,Neopanorpa simulans
444c490d-0b37-4111-bb2e-0491a2f1edc1,species,Animalia,t0082914,Panorpa japonica,Mavropanorpa japonica
894c15e8-5b35-4dad-84ea-dcb5d12fffb9,species,Animalia,t0082917,Panorpa longiramina,Wornorpa longiramina
e3ed8bbe-d736-4b6f-875b-715acaaeb5d4,species,Animalia,t0082920,Panorpa nudiramus,Wornorpa nudiramus
9d92c99a-81d5-436c-8afb-8cfb2026d694,species,Animalia,t0082921,Panorpa ochraceocauda,Wornorpa ochraceocauda
81fc643c-9c1f-4dc5-b3f0-a5003e11abcf,species,Animalia,t0082924,Panorpa peterseana,Wornorpa peterseana
b6c547b7-1b77-401f-bda6-12fb603aa9a3,species,Animalia,t0032893,Sipyloidea sipylus,Sipyloidea chlorotica
5df4fe35-eb6b-4637-b2a0-75f94fe0d6af,species,Plantae,t0026368,Botrychium formosanum,Sceptridium formosanum
335dde53-cb91-46a7-8140-e9bfc79ca975,species,Plantae,t0026359,Ophioderma pendula,Ophioderma pendulum
5627b2fb-9a44-4b84-af25-663ded9984a1,species,Plantae,t0026526,Pteris amoena,Pteris tokioi
f6bc34ab-d0de-4c44-9491-9311bbd52419,species,Plantae,t0026535,Mildella henryi,Aleuritopteris henryi
0425d181-c7a2-4519-b805-7c6adf22b64e,species,Plantae,t0026561,Antrophyum alatum,Antrophyum callifolium
5d896102-10a3-4584-9562-a3f19c116a44,species,Plantae,t0026900,Asplenium laciniatum,Asplenium gueinzianum
50339677-04af-4c6a-93b1-438f45007a48,species,Plantae,t0026941,Pseudophegopteris paludosa,Pseudophegopteris hirtirachis
ecb6c55f-68ba-425e-b2a3-9caa9509af76,species,Plantae,t0026958,Parathelypteris angulariloba,Coryphopteris angulariloba
8b35a88f-6906-41e4-81b5-48ff3ea12852,species,Plantae,t0026995,Anisocampium cumingianum,Athyrium cumingianum
266544f3-56a1-45a0-bfdd-3d4ec4086f79,species,Plantae,t0027003,Anisocampium niponicum,Athyrium niponicum
0bb86a07-8c87-48d9-ada8-a9bae813b2c3,species,Plantae,t0027010,Anisocampium sheareri,Athyrium sheareri
701932df-65e9-4c09-8870-a1ce148dd289,species,Plantae,t0026629,Arachniodes caudata,Arachniodes chinensis
0c604423-4c89-4356-b21d-4d3e12763546,species,Plantae,t0026723,Cyrtomium hookerianum,Polystichum integripinnum
89a4bfde-006e-4793-a872-314744e9f0eb,species,Plantae,t0026657,Dryopteris austriaca,Dryopteris expansa
c2d671ea-ab32-4040-85cf-783f3a93d986,species,Plantae,t0026697,Dryopteris labordei,Dryopteris tenuicula
082e3fb3-f670-48cc-a473-0916be19cae4,species,Plantae,t0026779,Humata tyermanni,Davallia griffithiana
68252d40-a40e-45a7-ae3f-3c6b24f840b3,species,Plantae,t0026796,Selliguea taeniata,Selliguea falcatopinnata
0ac37bf1-66d3-47b7-99c4-0643461d81b2,species,Plantae,t0026860,Oreogrammitis blechnifrons,Oreogrammitis curtisii
fc44a062-ae75-4731-a3fa-746947f51f2e,species,Plantae,t0100565,Michelia compressa,Magnolia compressa
0a60462a-f16b-4526-b226-eca2880dfd67,species,Plantae,t0053376,Dieffenbachia seguine,Dieffenbachia picta
a50b7b1b-0349-4969-bb38-630e9738848d,species,Plantae,t0074588,Lilium formolongo,Lilium × formolongo
9708f7e8-c601-4a00-af99-f95fd376182f,species,Plantae,t0053536,Epidendrum obrienianum,Epidendrum × obrienianum
daad1fc5-cf95-4e17-9e9f-5d285a947b5c,species,Plantae,t0053807,Eulophia cernua,Geodorum densiflorum
ae8b077d-ac42-493f-a55e-0e1fc033630f,species,Plantae,t0074262,Hemipilia alpestroides,Hemipilia × alpestroides
36fef6f7-d210-4728-af71-2dc49b30059c,species,Plantae,t0058978,Phaius tancarvilleae,Calanthe tankervilleae
ec28ac11-ecba-46aa-99b1-71ec6ed77710,species,Plantae,t0055687,Tropidia somae,Tropidia angulosa
aea6caf1-569c-47e0-9a97-aa300d9da360,species,Plantae,t0103300,Vrydagzynea formosana,Vrydagzynea nuda
180a865a-3589-487d-92cc-9bdb680fde55,species,Plantae,t0054995,Ptychosperma macarthuri,Ptychosperma macarthurii
15fb0018-3760-4ac0-8ad6-33b34d567a6a,species,Plantae,t0055636,Rhoeo spathacea,Tradescantia spathacea
61b74616-2e9d-447a-8872-09c8e352bc21,species,Plantae,t0049339,Vriesea splendens,Lutheria splendens
8d6ade1d-0d2d-4d33-b9df-1164c7763d1f,species,Plantae,t0069829,Xyris complanta,Xyris complanata
6c14a47a-e5bd-4f2c-98be-8a4c4eedd80b,species,Plantae,t0054462,Microstegium somae,Microstegium somai
656a41bc-1a63-43a0-9576-e39d65333f7b,species,Plantae,t0103282,Perotis macrantha,Perotis rara
283f01d2-b656-4292-811f-c3fd20cb0cdc,species,Plantae,t0054091,Polypogon indica,Polytrias indica
22142ec8-24be-4ed0-b9c0-250967b32905,species,Plantae,t0103287,Pseudoraphis spinescens,Pseudoraphis brunoniana
4cbc5416-01d9-436d-a7a2-0fc23b19aac1,species,Plantae,t0040354,Bauhinia blakeana,Bauhinia × blakeana
d2c0648a-fe37-4a41-85f7-d6919c6d17ec,species,Plantae,t0103245,Derris canarensis,Derris oblonga
678bb3a7-9f42-42f6-881c-5e34bf5399ea,species,Plantae,t0054953,Pourthiaea lucida,Photinia lucida
3b954e25-6ba1-46a9-a3d2-d2b4a27827a2,species,Plantae,t0046099,Parietaria taiwania,Pouzolzia taiwaniana
3671a81c-a9bb-4511-b6c7-f1cf18d8ef7e,species,Plantae,t0058459,Lithocarpus chiaratuangensis,Lithocarpus harlandii
f324524c-293a-497b-8504-9195d6cd4a32,species,Plantae,t0058052,Hypericum nakamurae,Hypericum nakamurai
3741c001-7ee8-4449-83bf-13ff1013bf46,species,Plantae,t0075273,Phyllanthus glaucus,Phyllanthus glauca
d6acdaf9-a366-48d1-a0b0-a4406fc8eb10,species,Plantae,t0103273,Melastoma affine,Melastoma malabathricum
0bb443be-694b-4de4-b780-710c373f88d6,species,Plantae,t0046119,Melastoma candidum,Melastoma septemnervium
9ba9f090-5513-471b-b142-7713bfb78cc5,species,Plantae,t0054427,Melastoma intermedium,Melastoma kudoi
47e3f669-371f-4a44-8eec-678284fdc04b,species,Plantae,t0103272,Pachycentria formosana,Medinilla taiwaniana
81781d5c-6b99-4fc6-b7fb-db6500fe5549,species,Plantae,t0103246,Euphoria longana,Dimocarpus longan
644af115-d004-46ce-bb41-0315b6a5f52f,species,Plantae,t0058814,Fortunella marginata,Citrus japonica
65bc0a1d-b728-443d-9727-e1e2f24a502e,species,Plantae,t0057368,Polygonum convolvulus,Fallopia convolvulus
3baf98a6-bba9-4fd2-85bf-cf2bb881c905,species,Plantae,t0058034,Cardiandra formosana,Hydrangea densifolia
256a9e87-fcfb-40b6-8aaf-662f6a60065a,species,Plantae,t0055481,Styrax suberifolius,Styrax suberifolia
e8584937-1c37-41a6-ac79-7a0ca060c7d3,species,Plantae,t0059141,Pyrola alboreticulata,Pyrola albo-reticulata
bc9d90f1-7b8a-44d7-908f-1e8625003797,species,Plantae,t0055030,Tarennoidea wallichii,Randia wallichii
2ce0b74b-b512-401b-9c01-12269ddbee20,species,Plantae,t0058119,Litosanthes biflora,Lasianthus biflorus
8083d41f-1314-4eb7-b2b5-7ba25dd1f892,species,Plantae,t0073939,Eustoma grandiflorum,Eustoma russellianum
59e80816-5789-4ac5-a6bd-ec843188655b,species,Plantae,t0058379,Cascabela thevetia,Thevetia peruviana
e1621ea9-9808-482a-bebe-1f5017df25eb,species,Plantae,t0053912,Heliotropium foertherianum,Heliotropium arboreum
80482df7-e9a6-4a28-bd5d-a5345d0881a5,species,Plantae,t0054252,Lindernia pusilla,Yamazakia pusilla
eb4603a2-a778-43b5-82a1-a8167b55b5a0,species,Plantae,t0054249,Lindernia kinmenensis,Torenia kinmenensis
a49b7c69-4580-46e9-b7b3-99cbc57634de,species,Plantae,t0054254,Vandellia viscosa,Yamazakia viscosa
46445837-245a-4ce3-85dd-3e081d26ae68,species,Plantae,t0075186,Peristrophe bivalvis,Peristrophe baphica
ec775f1a-13d9-4855-a46c-80e1f66cd003,species,Plantae,t0040295,Aster asagrayi,Aster asa-grayi
74585e57-7c0a-4fe6-bb02-11b651e195ed,species,Plantae,t0060928,Ambrosia scoparia,Artemisia scoparia
c4182d89-1e28-4c04-8ffc-b5c10fa08860,species,Plantae,t0057999,Hemistepta lyrata,Hemisteptia lyrata
08db32e0-516e-4d30-89e0-fae3e2a68a7c,species,Plantae,t0054102,Ixeridium dentatum,Ixeris dentata
7b7ca25b-80a8-489a-81f5-c31b214af98d,species,Plantae,t0054157,Pterocypsela ×mansuensis,Pterocypsela × mansuensis
dfd26c36-8e95-4ae6-a1f2-3d2f95a9ef8a,species,Chromista,t0059255,Achnanthes delicatula,Pseudoplanothidium delicatulum
ebaf6dc9-155b-4903-ba96-37adb0d7b47c,species,Chromista,t0059260,Achnanthes linearis,Achnanthidium lineare
f47a596b-9c63-45d5-8544-cdceb8b9b1c2,species,Chromista,t0057466,Amphiprora lineata,Undatella lineata
14eb7ec3-3993-4e16-a97c-34bc4aeddaef,species,Chromista,t0040563,Caloneis ventricosa,Caloneis silicula
9f70cea9-105f-43c6-8e2d-b9225eadc5eb,species,Chromista,t0058594,Navicula anglica,Navicula elginensis
ed95f181-8e02-46a5-b7fe-6f8d7998bf04,species,Chromista,t0058595,Navicula capitata,Navicula hungarica
f492d963-7909-45ae-a919-adadfeca9002,species,Chromista,t0057367,Navicula forcipata,Fallacia forcipata
f44fc401-ca96-4335-8e74-19288ae24138,species,Chromista,t0060757,Tropidoneis lepidoptera,Plagiotropis lepidoptera
241258eb-8fb8-49ad-8fcf-c26533f5adbc,species,Chromista,t0057453,Nitzschia marginulata,Tryblionella marginulata
68894855-702b-4d5b-b23d-85da822afe4b,species,Chromista,t0058630,Nitzschiella longissima,Nitzschia longissima
0fef18dd-a2c4-4d2a-807b-819721281121,species,Chromista,t0058032,Podosira stelliger,Hyalodiscus stelliger
b179c98a-759e-41cf-bd7e-cfb9faf8ea3c,species,Chromista,t0040302,Hincksia breviarticulatus,Asteronema breviarticulatum
d8f7c634-593d-4893-bf22-4a9a143e212d,species,Chromista,t0059679,Dictyota divaricata,Dictyota implexa
59d8f77a-7da2-4b7a-911a-be7ac6e69587,species,Chromista,t0058673,Dictyota coriacea,Pachydictyon coriaceum
048d2641-7ac9-4702-a2db-3d23552c17ac,species,Chromista,t0060649,Zonaria stipitata,Spatoglossum stipitatum
ecfb0a15-ded5-4ec3-a153-77e65bb7c285,species,Chromista,t0058191,Sargassum coriifolium,Sargassum aquifolium
148d1539-5f42-408b-957c-6c8a9862be2a,species,Fungi,t0035790,Ganoderma lingzhi,Ganoderma sichuanense
0e8347b8-e077-4242-8313-96e9c2f468ea,species,Fungi,t0040928,Hjortstamia laxa,Phlebiopsis laxa
28c061be-725d-4b99-a74d-da5d246c6aa0,species,Fungi,t0034717,Ceriporia lacerata,Irpex laceratus
c8a94496-fb2a-407b-9b67-a6c7d1854ffe,species,Fungi,t0035521,Duportella miranda,Peniophora miranda
e1fffcdb-de5e-4b72-9940-7ef402e3bf7a,species,Fungi,t0035520,Duportella kuehneroides,Peniophora kuehneroides
e2e856f7-cf92-41e5-8a85-06715b83de20,species,Fungi,t0035523,Duportella tristiculoides,Peniophora tristiculoides
a1ab349a-3725-460d-9501-0926a71c672b,species,Fungi,t0043922,Sclerotium cinnamomi,Grovesinia moricola
b877f345-b928-491f-8a8a-1f98ebcfde9b,species,Fungi,t0041132,Inonotus flavidus,Cylindrosporus flavidus
59df120a-82e2-49d9-b700-c1ea9632c13d,species,Fungi,t0041133,Inonotus fushanus,Inonotus fushanianus
7a28fd92-3e05-4b8c-a547-37201999bd46,species,Fungi,t0041134,Inonotus iodinus,Hymenochaete iodina
c7f1bbbc-3a3b-44f6-ada2-fa6371d45a13,species,Fungi,t0041136,Inonotus radiatus,Mensularia radiata
81cbbdbb-8446-4fea-ae00-041db35c2ee3,species,Fungi,t0042627,Phellinus gilvus,Fuscoporia gilva
d96f660d-4070-468d-ab3e-30a71068f45d,species,Fungi,t0041000,Hyphodontia dimorpha,Scopuloides dimorpha
f91ce346-90a5-4b40-bbb4-ea36e7a90fd5,species,Fungi,t0041021,Hyphodontia taiwaniana,Xylodon taiwanianus
ebac71a6-0448-407b-9f30-2b9b2bdc552a,species,Fungi,t0040998,Hyphodontia capitatocystidiata,Lyomyces capitatocystidiatus
80ab96c5-ae2b-408b-9ef5-b0d90dec8d5f,species,Fungi,t0041003,Hyphodontia flavipora,Xylodon flaviporus
580c7ca9-7abe-4853-a115-2ea748195f67,species,Fungi,t0041004,Hyphodontia heterocystidiata,Xylodon heterocystidiatus
126fa450-013d-4ad4-98c7-eb1599f5e218,species,Fungi,t0041012,Hyphodontia septocystidiata,Xylodon septocystidiatus
6bc902ba-738d-4659-960f-27ae593840f7,species,Fungi,t0040996,Hyphodontia anmashanensis,Xylodon anmashanensis
1d98f6c8-b872-4a60-b403-c7cee86905cc,species,Fungi,t0041001,Hyphodontia echinata,Xylodon echinatus
1de5eda3-5d09-42ed-b4e5-d51f6923e701,species,Fungi,t0041005,Hyphodontia microfasciculata,Lyomyces microfasciculatus
89fb2ea8-7d92-461b-b749-195d5a097e71,species,Fungi,t0041016,Hyphodontia subclavata,Xylodon subclavatus
3179f840-d5e0-4def-8ac0-20ae5bd390bb,species,Fungi,t0041022,Hyphodontia tenuissima,Lyomyces tenuissimus
a4979424-b67d-4e0b-99b8-ca9b9942b1ad,species,Fungi,t0041771,Microbotryum emodense,Microbotryum emodensis
e60f1e05-b621-40c8-9305-6ff2f75a36d1,species,Fungi,t0044378,Thielavia terricola,Pseudothielavia terricola
5e069113-b5bf-45ba-991c-571c618f4b2e,species,Fungi,t0044363,Thelebolus stercorus,Thelebolus stercoreus
1c0b4f79-bf85-49b0-afa4-2425f4e954e4,species,Fungi,t0042360,Penicillium assiutense,Talaromyces assiutensis
e6c4cecb-4b99-4747-8a23-52a304de914b,species,Fungi,t0042374,Penicillium dangeardii,Talaromyces flavus
04b530c0-3032-450a-b85d-449388996bde,species,Fungi,t0042379,Penicillium erythromellis,Talaromyces erythromellis
e85f3be8-99de-4af9-8e8a-57789ccbc40c,species,Fungi,t0042390,Penicillium islandicum,Talaromyces islandicus
ea1a67b4-2715-445a-a91b-4c69f025e6aa,species,Fungi,t0042397,Penicillium marneffei,Talaromyces marneffei
23a7aa54-c521-4936-9061-beba20360c73,species,Fungi,t0042400,Penicillium minioluteum,Talaromyces minioluteus
0f1cef0e-aa39-4c0a-b1ce-853c52794ce0,species,Fungi,t0042407,Penicillium pinophilum,Talaromyces pinophilus
a60eeb81-d65d-40a7-9044-6bd2abf68243,species,Fungi,t0042409,Penicillium purpurogenum,Talaromyces purpureogenus
22656a35-a82f-496c-b1bb-e94332e374a6,species,Fungi,t0042413,Penicillium rugulosum,Talaromyces rugulosus
2362d418-bee5-4532-9447-e4aba603003d,species,Fungi,t0042422,Penicillium unicum,Talaromyces unicus
f4415da0-46e0-4ef9-82da-296666132e4b,species,Fungi,t0042423,Penicillium variabile,Talaromyces variabilis
0effb29b-6372-4157-b7a3-b47ba59765f2,species,Fungi,t0042365,Penicillium calidicanium,Talaromyces calidicanius
5d4583fd-5c04-4975-9ece-2376c72987d7,species,Fungi,t0042358,Penicillium albobiverticillium,Talaromyces albobiverticillius
5098992c-5965-494c-835a-7ba49790dcf3,species,Protozoa,t0045237,Diplotheca costata,Volkanus costatus
a65e627c-01d1-41f9-917d-4115b3d8840b,species,Protozoa,t0045724,Platypleura infundibuliformis,Thomsenella infundibuliformis
d06ed91d-8b09-4590-92ac-5b084e6c66da,species,Protozoa,t0045321,Gallitellia vivans,Neogallitellia vivans
c1672052-04f7-4912-a720-66808efd60de,species,Protozoa,t0045779,Quadrula symmetrica,Quadrulella symmetrica
5b525069-1a18-437b-b4b2-5ee69552d08f,species,Protozoa,t0045820,Sigmoidella bacomensis,Sigmoidella bakomensis
593830e5-010c-4d1a-a7cf-cac593eadce5,species,Protozoa,t0045294,Euglena saguinea,Euglena sanguinea
78778989-5131-43a3-a778-cd1612b56bdc,species,Protozoa,t0030741,Dictydium cancellatum,Cribraria cancellata
5841e2b7-abf4-4c4a-a326-0f5d7754b582,species,Plantae,t0055688,Tropidia angustifolia,Tropidia nipponica
8b2d2e54-f973-415e-8d83-8a86c95c8a49,species,Animalia,t0065738,Homoeogryllus japonicus,Meloimorpha japonica
acd3f9fc-df02-494d-9965-8907d0142ae7,species,Animalia,t0076906,Burmattus pococki,Burmattus albopunctatus
235ad000-f455-4c03-9044-92890c03225e,species,Animalia,t0032019,Plexippoides guangxi,Epeus guangxi
7644e723-a9a8-4488-a409-32ecf5adbbea,species,Animalia,t0061744,Dipoena pelorosa,Gushangzao pelorosa
2ed56247-87ac-4629-a306-a6259e878b3f,species,Bacteria,t0089287,Oscillatoria subtilissima,Jaaginema subtilissimum
b076c81f-0dbd-4396-93fe-bec78efa993a,species,Plantae,t0058369,Tetrastrum heterocanthum,Tetrastrum heteracanthum
ec3ab158-60ac-439a-9954-ff55ef5b6fc1,species,Animalia,t0081921,Obrium yuejunae,Obrium yueyunae
5e89e54f-4457-462f-9809-b911008e2ae9,species,Protozoa,t0031888,Physarum nutans,Physarum album
1cc3b16c-5a5c-4213-a214-4c5073be663b,genus,Animalia,t0092379,Falcileptoneata,Falcileptoneta
7028d6f8-37d1-4ac4-a76c-15e75f029bf7,species,Animalia,t0097875,Cusiala boarmoides,Cusiala boarmioides
a36ba4e3-4332-473e-93c0-7af30554aad1,species,Fungi,t0044012,Septoria rubi,Sphaerulina westendorpii
f267f9f2-5b58-4b69-a853-48ebbff0f733,species,Animalia,t0099182,Tirumala ishimoides,Tirumala ishmoides
9056791f-142e-42d8-be71-7a182b3bf9d0,species,Animalia,t0072048,Chelyolygus fuhoshoensis,Apolygopsis fuhoshoensis
